item_id,timestamp,device_type,device_id,user_ip
369i,2020-05-04 18:58:23,device10,10d,192.25.144.80
1295i,2020-06-07 11:46:18,device12,12d,91.164.252.53
917i,2020-01-23 05:57:06,device5,5d,192.175.53.144
265i,2019-12-08 13:02:20,device4,4d,198.1.232.127
409i,2020-05-13 07:52:13,device12,12d,192.31.216.230
1193i,2020-04-23 09:06:43,device12,12d,198.3.166.221
588i,2020-01-15 17:04:34,device10,10d,192.0.27.231
534i,2020-05-19 15:00:58,device14,14d,192.52.199.7
919i,2019-12-28 20:21:00,device5,5d,192.21.158.32
504i,2020-02-26 09:30:44,device8,8d,192.175.165.238
28i,2020-02-26 09:30:44,device16,16d,192.175.165.238
1156i,2020-02-26 09:30:44,device20,20d,192.175.165.238
532i,2020-02-26 09:30:44,device20,20d,192.175.165.238
753i,2020-02-26 09:30:44,device4,4d,192.175.165.238
563i,2020-02-26 09:30:44,device13,13d,192.175.165.238
408i,2020-02-26 09:30:44,device2,2d,192.175.165.238
345i,2020-01-25 14:01:17,device1,1d,100.233.28.5
389i,2020-05-10 17:45:20,device2,2d,192.232.218.12
1152i,2020-01-21 02:02:38,device3,3d,1.127.186.153
479i,2020-03-12 23:09:27,device4,4d,192.40.248.65
1043i,2020-01-22 06:36:16,device13,13d,192.0.9.109
774i,2020-03-29 19:25:50,device7,7d,198.51.99.7
354i,2019-11-14 21:57:23,device17,17d,203.5.1.138
814i,2020-05-27 02:29:12,device11,11d,203.2.201.253
755i,2020-05-09 22:25:01,device15,15d,198.51.96.199
1016i,2020-05-31 09:34:14,device2,2d,192.26.84.59
543i,2020-04-01 11:19:10,device7,7d,6.249.231.194
124i,2020-05-18 04:04:05,device3,3d,108.251.110.213
831i,2020-02-07 19:09:08,device19,19d,192.0.230.109
531i,2019-12-10 22:40:24,device16,16d,198.48.20.97
402i,2020-05-01 20:41:48,device11,11d,198.178.217.16
902i,2020-03-16 11:23:38,device17,17d,203.84.247.35
1250i,2020-03-28 08:37:10,device14,14d,198.51.115.112
490i,2020-04-25 09:20:31,device9,9d,192.30.8.235
445i,2019-11-19 12:39:43,device1,1d,203.76.209.6
921i,2020-04-28 10:02:31,device9,9d,198.51.102.156
1045i,2019-12-30 00:38:39,device2,2d,168.254.29.76
373i,2020-01-12 06:10:06,device11,11d,169.231.7.148
1129i,2019-12-23 08:56:08,device14,14d,192.0.3.9
669i,2019-11-18 13:51:28,device1,1d,198.51.10.108
714i,2020-04-21 15:59:54,device8,8d,200.250.164.59
254i,2019-12-16 00:44:28,device14,14d,192.88.93.211
598i,2019-12-14 17:14:37,device16,16d,192.0.16.197
1109i,2019-12-10 00:00:45,device4,4d,169.241.211.152
213i,2020-01-10 21:33:52,device20,20d,192.179.172.18
280i,2020-03-11 17:57:48,device8,8d,5.91.92.242
534i,2020-01-16 10:45:33,device11,11d,192.88.101.37
196i,2020-05-20 21:15:31,device2,2d,203.1.176.127
768i,2020-04-17 01:38:10,device4,4d,198.109.209.146
638i,2020-05-06 13:28:59,device11,11d,203.0.123.122
600i,2020-04-03 15:53:57,device2,2d,62.233.101.78
581i,2019-12-09 17:56:10,device1,1d,198.5.86.100
1136i,2019-11-25 06:56:57,device11,11d,192.1.73.185
146i,2020-05-31 15:44:06,device13,13d,198.51.102.236
219i,2019-12-16 22:53:31,device20,20d,197.40.33.43
1161i,2020-01-04 22:49:57,device2,2d,95.17.253.64
723i,2020-04-17 04:06:13,device13,13d,168.248.132.77
176i,2020-05-28 16:44:47,device9,9d,192.164.24.254
1133i,2020-05-03 15:53:13,device12,12d,192.88.98.205
608i,2020-02-15 02:27:35,device5,5d,202.241.216.208
973i,2020-02-28 13:27:10,device16,16d,101.130.153.80
1109i,2019-12-27 15:10:42,device8,8d,192.95.210.106
480i,2019-12-02 05:36:04,device4,4d,192.168.82.198
1206i,2020-01-08 04:01:11,device14,14d,215.7.39.163
675i,2020-05-11 15:17:32,device16,16d,192.52.194.234
1284i,2020-03-23 12:20:39,device14,14d,198.16.218.79
1227i,2020-01-04 12:09:47,device15,15d,203.4.225.114
1095i,2020-01-02 13:19:24,device12,12d,192.51.153.185
1243i,2020-03-21 19:29:54,device10,10d,100.12.71.116
236i,2020-04-14 05:03:24,device5,5d,195.127.117.33
724i,2020-04-12 07:01:58,device10,10d,192.175.50.57
1190i,2020-03-03 13:42:11,device13,13d,198.9.203.235
402i,2019-12-29 19:24:40,device12,12d,16.153.176.241
753i,2019-12-17 16:29:28,device9,9d,192.30.246.174
394i,2020-02-10 02:29:02,device1,1d,198.29.224.147
87i,2019-12-01 18:59:36,device2,2d,202.186.98.106
1007i,2020-01-20 20:33:19,device6,6d,192.52.203.139
1234i,2019-11-14 17:06:25,device20,20d,51.183.10.180
319i,2020-04-06 17:28:06,device11,11d,203.1.129.96
988i,2020-02-03 19:37:14,device17,17d,192.52.216.131
770i,2020-04-09 04:09:24,device5,5d,192.175.49.126
1i,2019-12-18 13:00:03,device8,8d,163.96.178.175
171i,2020-04-20 04:28:03,device8,8d,192.88.97.31
500i,2020-03-13 02:44:02,device1,1d,198.51.96.86
162i,2020-06-06 20:12:08,device16,16d,192.52.185.2
270i,2020-04-01 09:06:21,device17,17d,29.102.116.74
992i,2020-05-01 13:44:28,device4,4d,192.175.16.253
1178i,2020-02-13 11:39:20,device18,18d,192.90.51.21
1184i,2020-01-23 04:37:05,device18,18d,169.89.63.213
371i,2019-12-12 10:06:27,device12,12d,192.207.122.176
674i,2020-02-18 03:48:58,device9,9d,192.51.201.68
36i,2020-03-28 01:00:19,device14,14d,203.0.114.211
632i,2020-01-17 23:03:02,device18,18d,192.55.97.240
731i,2019-12-24 02:15:37,device10,10d,192.0.11.171
822i,2019-12-24 02:15:37,device13,13d,192.0.11.171
966i,2019-12-24 02:15:37,device16,16d,192.0.11.171
1291i,2019-12-24 02:15:37,device16,16d,192.0.11.171
171i,2019-12-24 02:15:37,device17,17d,192.0.11.171
875i,2019-12-24 02:15:37,device10,10d,192.0.11.171
392i,2020-02-10 17:48:12,device17,17d,169.253.137.183
57i,2020-03-12 00:51:17,device9,9d,200.19.200.189
291i,2020-04-11 19:50:00,device13,13d,203.0.33.252
765i,2019-12-16 15:07:35,device9,9d,193.77.223.179
1071i,2020-02-09 18:17:00,device14,14d,192.38.42.74
868i,2020-05-03 12:50:20,device5,5d,192.169.118.35
1275i,2020-01-15 09:59:26,device19,19d,198.60.32.36
999i,2020-01-14 18:22:33,device6,6d,192.89.67.133
1295i,2020-04-15 14:35:26,device17,17d,19.130.4.46
1281i,2019-11-25 22:58:40,device8,8d,192.175.51.42
756i,2020-02-22 10:15:46,device5,5d,169.253.195.22
28i,2019-11-13 09:53:05,device20,20d,198.51.119.145
685i,2020-04-02 08:53:19,device12,12d,192.31.124.58
793i,2020-05-14 08:51:47,device2,2d,169.235.22.76
1265i,2020-01-11 16:41:39,device19,19d,198.51.114.226
1231i,2020-03-07 15:23:18,device3,3d,198.217.80.251
32i,2020-04-15 20:46:03,device4,4d,168.8.163.113
286i,2020-01-23 13:00:00,device14,14d,169.253.56.248
1244i,2020-05-27 08:53:38,device12,12d,192.175.24.19
26i,2020-01-27 13:01:25,device13,13d,192.52.148.104
683i,2019-11-21 06:56:16,device2,2d,100.225.102.187
364i,2020-02-14 04:24:52,device1,1d,192.15.2.131
917i,2020-03-09 04:25:06,device4,4d,169.248.202.227
993i,2019-12-07 02:57:36,device8,8d,192.54.48.206
686i,2020-03-10 12:53:25,device4,4d,203.0.88.99
791i,2020-06-03 06:20:48,device3,3d,192.88.98.165
23i,2020-05-31 18:22:10,device14,14d,192.6.209.23
1090i,2020-04-14 00:18:52,device14,14d,192.3.167.151
915i,2020-03-31 11:59:42,device5,5d,14.149.148.147
1192i,2019-12-31 13:19:41,device18,18d,173.55.124.112
308i,2019-12-12 15:17:06,device20,20d,203.1.253.30
590i,2020-02-29 16:48:32,device12,12d,140.151.49.98
1273i,2020-04-17 15:30:59,device16,16d,192.44.154.161
1041i,2020-05-04 03:11:18,device9,9d,101.193.40.179
189i,2020-02-17 21:54:13,device3,3d,203.6.143.1
384i,2019-12-10 21:31:36,device4,4d,192.88.79.89
62i,2020-04-24 12:39:10,device1,1d,192.174.184.47
900i,2020-06-02 16:43:52,device20,20d,192.31.219.5
819i,2020-03-04 18:21:04,device6,6d,192.0.3.169
117i,2020-01-21 07:35:42,device8,8d,193.14.23.20
120i,2020-04-23 12:57:40,device11,11d,101.18.51.49
691i,2020-05-13 23:10:57,device14,14d,192.31.155.122
827i,2020-03-18 03:42:23,device5,5d,4.25.191.46
310i,2020-05-01 12:57:57,device16,16d,198.51.103.49
761i,2019-12-09 10:43:44,device2,2d,97.67.15.101
1212i,2020-04-19 15:23:01,device2,2d,192.0.1.215
1068i,2019-12-25 18:11:29,device12,12d,129.46.232.229
1098i,2020-01-29 23:44:00,device6,6d,156.22.248.170
1220i,2020-05-19 17:59:23,device10,10d,169.136.220.16
391i,2019-12-15 01:37:35,device20,20d,192.175.238.48
388i,2019-12-15 09:54:16,device11,11d,192.1.68.58
685i,2020-05-11 17:55:08,device4,4d,192.0.234.7
1274i,2020-04-14 00:08:55,device8,8d,192.175.98.86
848i,2020-05-31 09:44:26,device20,20d,12.85.15.232
808i,2020-05-04 08:13:10,device20,20d,192.52.192.218
459i,2020-03-24 23:16:46,device6,6d,198.51.97.65
1034i,2019-11-20 08:34:14,device2,2d,192.52.112.158
85i,2020-02-29 17:54:55,device15,15d,200.229.155.148
112i,2020-01-18 00:28:43,device13,13d,192.175.83.242
1058i,2020-02-19 08:33:10,device15,15d,203.0.116.69
17i,2020-01-15 04:12:26,device6,6d,51.253.230.96
991i,2020-03-06 08:58:12,device3,3d,169.154.100.53
668i,2020-02-18 23:27:56,device6,6d,195.229.252.196
1204i,2020-05-15 16:33:49,device7,7d,192.55.238.72
958i,2020-05-10 01:28:37,device16,16d,3.199.143.218
825i,2020-03-14 09:14:29,device5,5d,169.248.6.40
124i,2020-06-05 14:14:02,device18,18d,146.196.102.219
292i,2020-02-11 16:29:02,device5,5d,198.22.3.179
432i,2020-05-17 17:48:39,device17,17d,192.175.58.210
920i,2019-12-03 20:43:40,device11,11d,199.213.160.113
350i,2020-05-10 15:04:38,device2,2d,203.0.112.196
424i,2020-03-20 08:58:23,device5,5d,199.113.18.253
540i,2019-12-31 23:09:18,device13,13d,203.20.213.156
1107i,2019-12-02 23:16:35,device3,3d,192.4.55.140
921i,2020-03-26 01:51:08,device5,5d,192.31.184.88
1086i,2020-03-20 06:31:19,device20,20d,192.30.153.115
256i,2020-05-08 09:07:03,device13,13d,192.52.183.25
430i,2020-02-17 17:39:54,device8,8d,192.142.244.67
465i,2020-01-21 08:17:34,device10,10d,200.245.202.190
772i,2020-03-29 00:20:39,device8,8d,198.52.34.2
480i,2019-12-01 06:21:55,device7,7d,192.52.216.186
518i,2020-05-20 18:03:17,device10,10d,100.6.64.217
1184i,2020-01-21 14:36:06,device19,19d,203.119.123.79
161i,2020-03-09 18:56:01,device1,1d,27.232.183.83
652i,2020-03-11 14:39:34,device9,9d,108.195.16.104
1116i,2020-03-02 22:45:11,device10,10d,198.51.71.214
92i,2020-03-07 12:16:18,device14,14d,101.213.39.208
1110i,2020-01-14 23:42:02,device10,10d,203.0.112.170
639i,2020-03-04 08:46:01,device14,14d,192.31.198.241
431i,2020-06-06 12:00:26,device4,4d,15.101.68.28
428i,2019-12-28 21:13:06,device4,4d,192.0.240.229
1005i,2019-12-10 02:07:45,device20,20d,192.52.199.112
1055i,2020-04-22 10:46:06,device15,15d,198.29.113.193
1176i,2020-03-08 08:32:21,device8,8d,192.54.77.233
716i,2020-01-01 15:55:14,device3,3d,198.48.92.31
743i,2020-02-26 17:26:51,device17,17d,198.56.56.0
456i,2020-01-19 02:01:16,device5,5d,198.51.250.28
1058i,2020-01-10 21:58:14,device2,2d,10.47.252.212
657i,2020-03-29 06:53:47,device12,12d,192.7.33.21
466i,2020-04-12 15:09:46,device20,20d,101.185.79.142
147i,2019-12-05 07:36:18,device16,16d,14.3.119.91
857i,2019-12-15 22:29:25,device19,19d,203.0.119.146
928i,2020-01-05 19:23:27,device14,14d,1.175.231.120
1089i,2020-03-29 23:19:36,device8,8d,192.190.97.44
617i,2020-05-21 05:47:00,device2,2d,192.31.221.57
67i,2020-05-28 10:47:24,device7,7d,169.250.40.47
374i,2020-05-28 10:47:24,device17,17d,169.250.40.47
147i,2020-05-28 10:47:24,device17,17d,169.250.40.47
518i,2020-05-28 10:47:24,device19,19d,169.250.40.47
1266i,2020-05-28 10:47:24,device8,8d,169.250.40.47
1290i,2020-05-28 10:47:24,device17,17d,169.250.40.47
526i,2020-05-02 03:24:36,device8,8d,203.26.138.136
811i,2020-01-29 08:25:32,device17,17d,42.62.189.9
249i,2020-01-05 01:41:43,device16,16d,195.150.103.214
89i,2020-03-20 21:48:43,device15,15d,192.88.244.216
1238i,2019-12-12 12:15:05,device5,5d,192.31.209.101
934i,2019-11-25 17:46:15,device7,7d,104.60.230.241
1190i,2020-04-14 03:58:17,device14,14d,192.52.195.169
959i,2020-04-13 00:47:40,device1,1d,192.31.241.226
1220i,2020-03-28 03:08:37,device10,10d,192.52.233.52
429i,2020-03-16 02:01:16,device3,3d,212.0.119.177
475i,2020-04-20 04:22:10,device7,7d,169.179.107.75
705i,2020-04-04 15:47:39,device7,7d,198.3.140.245
875i,2020-05-01 21:32:13,device6,6d,192.0.255.245
365i,2020-03-12 05:29:23,device4,4d,198.51.97.102
386i,2020-05-21 15:39:33,device5,5d,196.197.113.1
692i,2020-01-11 12:38:36,device3,3d,192.173.254.220
699i,2019-11-29 11:51:09,device2,2d,192.31.195.112
105i,2020-05-10 07:31:56,device5,5d,198.17.96.182
162i,2020-03-09 10:56:45,device1,1d,198.49.81.90
486i,2020-03-10 15:44:26,device5,5d,198.52.137.144
67i,2020-02-04 10:40:14,device1,1d,192.0.3.124
672i,2020-06-08 10:25:31,device19,19d,192.3.43.239
466i,2020-03-15 22:22:33,device19,19d,203.0.115.87
409i,2020-02-14 09:26:28,device15,15d,203.0.99.39
444i,2020-01-18 21:40:29,device7,7d,126.216.152.197
572i,2020-04-25 11:14:33,device19,19d,192.0.49.70
722i,2020-01-26 18:28:48,device12,12d,192.31.204.153
373i,2020-05-23 07:47:22,device20,20d,126.121.102.86
671i,2020-03-16 20:06:26,device8,8d,100.137.159.161
684i,2020-02-11 23:01:33,device11,11d,171.175.153.97
230i,2020-05-02 10:03:10,device13,13d,192.175.123.112
285i,2020-03-24 03:27:30,device7,7d,203.0.90.210
754i,2020-01-05 12:49:17,device6,6d,192.0.1.33
859i,2020-04-24 12:57:34,device16,16d,15.148.74.0
385i,2020-02-06 15:43:29,device7,7d,192.31.195.165
1148i,2020-03-28 05:36:17,device5,5d,192.52.192.129
417i,2020-03-27 18:13:30,device17,17d,192.35.208.66
143i,2020-01-31 06:27:40,device15,15d,198.36.136.55
446i,2019-12-13 04:14:30,device4,4d,118.72.120.63
434i,2020-03-22 02:03:10,device4,4d,198.16.59.8
649i,2019-11-15 10:38:21,device18,18d,203.49.33.219
1096i,2020-03-30 18:36:40,device6,6d,98.123.162.111
888i,2020-02-05 08:01:44,device3,3d,101.175.201.37
308i,2020-05-08 22:29:25,device17,17d,192.0.3.153
922i,2020-01-14 14:04:03,device2,2d,192.0.3.115
298i,2019-12-26 13:17:43,device9,9d,192.59.206.23
1234i,2019-12-27 02:01:49,device3,3d,192.52.49.174
186i,2020-03-05 06:56:23,device10,10d,198.34.82.251
1260i,2020-02-26 06:39:23,device15,15d,192.52.210.223
316i,2020-02-09 16:37:02,device20,20d,113.177.125.58
66i,2020-02-09 16:22:49,device10,10d,192.52.64.151
291i,2020-04-29 13:24:43,device2,2d,169.156.3.5
377i,2020-05-17 15:12:33,device1,1d,203.1.31.239
170i,2020-04-04 17:00:46,device14,14d,198.178.68.173
1214i,2020-06-06 03:56:48,device20,20d,198.50.82.77
1085i,2020-02-05 06:10:12,device6,6d,192.229.224.220
1220i,2019-11-30 03:47:03,device7,7d,192.10.203.182
306i,2019-11-18 13:16:53,device10,10d,192.88.97.88
399i,2020-01-15 21:35:27,device5,5d,162.123.224.106
984i,2019-12-05 18:22:25,device18,18d,169.252.224.166
294i,2020-01-10 09:09:21,device17,17d,192.54.22.142
109i,2020-06-02 17:24:51,device6,6d,98.147.27.232
1047i,2020-01-17 04:37:12,device12,12d,203.1.117.73
165i,2020-04-07 16:02:30,device2,2d,46.33.122.53
1066i,2020-03-14 20:53:24,device16,16d,192.140.178.35
832i,2020-02-18 23:05:45,device4,4d,192.93.121.95
912i,2020-01-08 05:24:24,device6,6d,192.175.49.171
727i,2019-12-27 07:26:40,device16,16d,192.88.96.105
215i,2020-03-25 16:47:32,device4,4d,126.41.254.56
899i,2019-12-26 04:41:06,device14,14d,198.51.102.252
114i,2019-11-18 20:38:05,device10,10d,203.0.112.212
675i,2020-02-03 06:59:31,device20,20d,198.10.172.134
749i,2020-04-10 01:54:39,device3,3d,192.22.68.50
886i,2020-01-29 10:37:11,device14,14d,192.133.47.56
284i,2020-01-27 01:28:39,device14,14d,203.0.114.101
81i,2020-04-11 02:03:08,device17,17d,192.31.195.119
88i,2019-12-09 04:20:21,device2,2d,192.28.133.250
138i,2020-02-06 21:24:10,device3,3d,201.37.31.181
197i,2020-04-27 10:11:15,device15,15d,192.88.162.215
419i,2020-05-13 11:08:35,device20,20d,192.175.14.181
606i,2020-02-08 19:57:41,device4,4d,192.175.52.171
1006i,2020-02-11 23:46:47,device19,19d,100.40.45.77
1259i,2020-04-12 14:10:21,device15,15d,192.31.202.117
186i,2019-11-14 04:32:54,device4,4d,192.185.66.102
847i,2020-02-09 00:55:44,device4,4d,192.52.194.154
525i,2019-12-17 17:16:18,device15,15d,192.30.28.40
411i,2020-03-28 04:09:03,device13,13d,192.88.75.101
764i,2019-12-18 10:17:17,device12,12d,192.0.119.124
1264i,2019-12-21 01:45:14,device12,12d,192.31.193.100
1117i,2019-12-16 22:55:55,device15,15d,119.28.11.227
994i,2020-01-30 03:53:26,device4,4d,198.51.111.250
581i,2019-12-14 15:21:14,device2,2d,192.174.252.250
960i,2020-01-29 23:15:44,device13,13d,202.235.99.97
1173i,2019-11-26 15:28:16,device20,20d,192.31.222.138
140i,2019-12-03 18:07:28,device19,19d,192.175.53.127
1076i,2020-03-28 23:57:05,device5,5d,192.31.197.20
1268i,2020-04-04 22:05:34,device1,1d,192.31.197.47
675i,2020-01-21 15:06:13,device15,15d,198.91.69.97
1169i,2020-01-15 02:24:17,device1,1d,192.52.188.245
666i,2020-01-21 06:07:47,device20,20d,192.130.111.10
518i,2020-01-11 14:54:33,device14,14d,169.249.150.116
872i,2019-11-23 19:18:45,device19,19d,192.88.106.72
560i,2020-01-13 18:08:00,device11,11d,192.88.103.113
297i,2020-03-01 10:29:54,device6,6d,169.6.57.181
779i,2020-03-07 17:42:58,device11,11d,198.4.252.13
103i,2019-11-30 23:15:20,device1,1d,171.71.39.22
1188i,2019-11-15 20:29:26,device10,10d,170.40.80.109
1019i,2020-03-04 22:23:00,device18,18d,192.52.194.22
207i,2019-12-27 06:50:58,device15,15d,169.232.215.14
79i,2020-03-18 07:14:12,device7,7d,193.11.127.144
1170i,2020-02-16 02:47:02,device15,15d,198.51.109.141
652i,2020-05-10 14:41:42,device2,2d,192.63.251.87
1116i,2020-03-19 06:00:41,device9,9d,198.51.223.217
825i,2020-02-03 20:22:04,device1,1d,200.64.176.62
959i,2020-01-07 12:48:00,device12,12d,1.122.28.165
124i,2020-06-05 09:58:51,device5,5d,169.255.110.237
681i,2020-05-18 22:08:18,device7,7d,192.93.240.151
431i,2020-03-21 02:40:10,device14,14d,100.31.59.187
1252i,2019-11-24 21:22:34,device15,15d,203.0.127.233
42i,2020-04-28 10:15:19,device10,10d,203.27.227.232
816i,2019-12-07 21:53:12,device15,15d,192.88.48.196
946i,2019-12-06 20:49:42,device12,12d,192.52.192.137
654i,2020-01-09 14:23:52,device9,9d,199.23.9.153
72i,2020-03-21 04:07:11,device12,12d,198.62.97.92
799i,2020-03-25 10:57:08,device4,4d,192.31.30.209
1076i,2020-04-14 17:44:16,device18,18d,192.31.197.91
957i,2019-11-26 18:13:55,device15,15d,192.175.31.64
959i,2020-03-28 01:55:13,device9,9d,203.0.148.150
1285i,2020-04-30 16:46:56,device7,7d,192.169.4.220
302i,2020-03-04 02:21:32,device16,16d,192.31.212.212
491i,2020-01-22 17:24:49,device11,11d,192.165.99.207
558i,2020-01-11 23:51:34,device3,3d,192.106.230.194
1212i,2020-03-30 20:12:43,device12,12d,169.210.194.9
764i,2020-01-01 19:45:57,device4,4d,192.147.29.252
467i,2020-03-18 20:46:54,device19,19d,192.69.218.69
1043i,2020-05-17 02:02:39,device3,3d,192.52.224.106
517i,2020-01-07 16:56:07,device3,3d,192.31.70.195
658i,2019-12-17 16:43:01,device1,1d,192.52.241.19
249i,2020-03-07 04:36:30,device11,11d,198.29.135.28
501i,2020-06-05 05:58:27,device10,10d,194.26.137.39
377i,2020-01-13 16:05:15,device12,12d,192.88.102.120
561i,2020-03-16 01:39:57,device4,4d,203.0.24.108
250i,2020-05-01 11:41:49,device20,20d,192.31.197.82
125i,2020-03-09 07:21:24,device17,17d,198.116.174.191
1291i,2020-02-14 11:33:06,device2,2d,192.68.78.193
372i,2020-03-11 08:59:08,device14,14d,115.203.25.207
968i,2020-03-22 09:46:13,device12,12d,198.51.101.46
616i,2019-12-04 02:03:59,device14,14d,203.0.114.216
693i,2020-01-19 06:59:41,device5,5d,192.191.204.209
1168i,2020-02-01 16:15:32,device17,17d,192.31.206.59
661i,2020-03-22 09:57:11,device5,5d,192.52.196.145
563i,2020-02-16 09:45:19,device10,10d,192.61.209.207
504i,2020-02-09 13:08:45,device3,3d,192.89.229.105
923i,2020-04-09 15:05:58,device4,4d,203.0.120.231
390i,2019-12-10 09:44:09,device20,20d,3.155.132.152
762i,2020-04-15 00:52:28,device10,10d,120.86.157.36
765i,2020-01-01 05:43:30,device12,12d,198.51.143.143
18i,2020-05-04 16:50:11,device5,5d,173.240.54.179
863i,2019-11-24 03:59:17,device13,13d,192.175.56.194
748i,2020-05-02 00:44:32,device3,3d,169.240.145.118
365i,2020-02-06 00:19:28,device19,19d,198.51.186.48
1128i,2019-11-22 04:50:03,device6,6d,169.157.81.1
754i,2020-05-07 16:57:45,device13,13d,98.140.219.155
88i,2019-11-14 07:42:22,device19,19d,198.44.116.228
978i,2019-11-14 05:39:45,device1,1d,102.132.232.56
1052i,2020-03-27 10:44:51,device12,12d,8.48.72.245
1180i,2019-11-26 09:29:05,device17,17d,192.88.97.255
938i,2020-02-11 02:40:28,device13,13d,203.209.5.92
1070i,2020-01-04 10:05:31,device20,20d,192.1.38.78
468i,2020-02-09 01:19:49,device13,13d,198.7.166.36
28i,2020-01-02 13:13:42,device5,5d,192.163.0.111
869i,2020-05-25 19:30:03,device20,20d,102.108.97.28
892i,2020-01-20 04:20:27,device8,8d,100.237.133.7
1255i,2019-11-13 18:10:27,device17,17d,192.89.16.92
1004i,2020-02-14 21:44:03,device7,7d,148.103.157.96
267i,2019-12-07 01:30:14,device17,17d,198.50.48.182
507i,2020-01-20 05:00:36,device15,15d,192.55.235.211
759i,2020-03-06 07:55:05,device18,18d,124.136.154.129
577i,2020-02-09 21:01:52,device6,6d,203.0.114.157
18i,2020-04-27 21:39:13,device20,20d,1.158.199.218
1107i,2020-02-06 12:06:48,device8,8d,169.248.124.220
791i,2020-02-28 05:56:57,device19,19d,192.4.212.72
1005i,2019-11-12 23:59:29,device6,6d,203.11.56.7
47i,2020-03-16 23:32:57,device1,1d,192.31.250.27
320i,2020-02-06 18:09:46,device3,3d,206.200.195.175
713i,2020-02-09 03:31:14,device17,17d,192.88.96.68
431i,2020-04-21 16:39:52,device14,14d,213.123.46.36
767i,2020-04-21 04:54:11,device1,1d,198.49.120.206
773i,2020-03-16 01:46:10,device10,10d,1.154.245.60
145i,2019-12-08 15:25:23,device9,9d,163.43.26.147
506i,2020-02-23 13:54:55,device13,13d,192.0.17.91
551i,2019-12-04 11:50:54,device8,8d,193.176.4.104
274i,2020-05-01 13:26:15,device18,18d,192.0.79.243
192i,2020-02-10 11:12:06,device18,18d,192.175.144.39
543i,2020-03-30 18:27:27,device1,1d,192.170.26.3
266i,2020-03-30 02:00:17,device2,2d,117.223.78.16
328i,2019-12-07 12:49:18,device12,12d,192.81.134.148
971i,2020-05-20 05:13:48,device5,5d,183.33.224.58
619i,2020-02-02 07:58:56,device1,1d,192.30.220.120
1047i,2020-05-06 07:41:48,device14,14d,198.17.135.214
1162i,2019-11-29 05:46:13,device15,15d,192.52.194.160
373i,2020-02-08 03:37:28,device4,4d,192.1.183.77
850i,2020-05-09 15:39:00,device18,18d,203.1.96.61
673i,2020-06-07 15:25:29,device18,18d,192.30.20.152
795i,2019-12-12 10:23:52,device7,7d,169.152.4.183
1169i,2020-05-10 06:46:31,device10,10d,203.14.181.102
757i,2020-05-17 15:48:46,device15,15d,192.67.47.156
501i,2019-11-30 00:22:20,device9,9d,192.1.92.228
781i,2020-04-06 16:59:10,device14,14d,192.0.13.224
342i,2020-04-28 19:22:17,device20,20d,192.28.133.192
124i,2020-03-10 14:17:10,device3,3d,192.161.80.35
1005i,2020-04-15 07:56:47,device20,20d,192.175.51.24
117i,2020-04-10 06:15:49,device6,6d,192.183.50.219
1260i,2020-03-24 03:33:34,device13,13d,198.7.205.255
221i,2020-03-05 11:34:13,device18,18d,169.0.202.137
1076i,2020-04-25 22:16:34,device19,19d,198.51.69.101
1074i,2020-01-13 18:00:07,device4,4d,84.28.230.246
912i,2020-01-13 12:07:30,device1,1d,203.21.181.209
901i,2020-05-27 05:48:18,device6,6d,192.31.142.39
1119i,2019-12-09 03:52:08,device14,14d,192.31.197.208
1203i,2020-04-14 19:06:10,device20,20d,192.31.207.76
845i,2020-04-11 14:23:43,device15,15d,192.175.63.84
789i,2020-01-20 12:28:10,device3,3d,169.220.159.136
846i,2020-04-29 04:07:19,device3,3d,192.73.139.90
369i,2020-06-01 20:48:41,device10,10d,192.31.218.70
372i,2020-01-24 03:13:12,device15,15d,198.49.24.207
905i,2020-04-08 10:34:43,device8,8d,192.175.95.193
1050i,2020-04-23 03:24:23,device3,3d,192.174.49.122
1292i,2020-01-07 07:57:05,device3,3d,192.212.49.212
104i,2020-01-02 06:57:12,device3,3d,169.213.37.208
917i,2020-04-06 16:56:35,device1,1d,192.0.8.128
502i,2020-02-21 13:28:56,device20,20d,169.158.182.142
1179i,2020-05-01 17:15:33,device11,11d,192.31.197.176
1151i,2020-04-08 15:18:06,device1,1d,192.0.5.67
328i,2019-12-08 11:03:27,device12,12d,192.175.46.16
170i,2020-04-20 14:07:11,device6,6d,192.171.141.253
856i,2019-11-24 23:30:10,device1,1d,202.125.123.104
1123i,2020-05-20 13:05:55,device20,20d,171.168.92.117
979i,2020-03-03 01:24:07,device13,13d,192.31.193.91
335i,2020-06-07 02:16:03,device11,11d,192.30.166.136
931i,2020-05-15 02:25:13,device2,2d,169.3.194.105
175i,2020-02-24 15:39:44,device1,1d,31.96.206.130
881i,2020-04-28 18:01:18,device8,8d,198.56.30.46
92i,2019-11-18 10:32:59,device19,19d,192.52.9.75
831i,2020-01-26 12:56:17,device6,6d,8.242.94.62
306i,2020-01-30 01:35:57,device20,20d,192.31.197.9
1274i,2019-12-15 17:04:25,device13,13d,198.49.185.60
1076i,2019-12-31 16:33:01,device10,10d,55.202.19.166
505i,2020-01-12 23:23:02,device17,17d,203.127.105.139
993i,2020-04-16 20:19:43,device15,15d,192.7.181.126
720i,2019-12-22 19:59:35,device15,15d,198.51.97.178
1195i,2020-02-22 14:15:23,device3,3d,198.51.98.119
406i,2020-01-02 12:29:53,device4,4d,192.52.230.26
599i,2019-12-08 07:00:18,device7,7d,192.175.47.132
684i,2019-12-25 16:37:05,device19,19d,198.51.120.204
1274i,2020-04-29 10:48:30,device2,2d,169.252.214.97
680i,2020-04-11 07:15:42,device10,10d,192.80.217.197
966i,2020-01-11 03:02:16,device7,7d,126.126.66.2
411i,2020-05-01 10:23:31,device4,4d,192.52.115.155
334i,2020-05-20 09:23:30,device20,20d,126.115.90.123
630i,2019-11-13 02:58:11,device14,14d,192.88.77.195
241i,2019-11-16 07:30:02,device19,19d,203.0.107.142
1232i,2020-06-02 06:30:17,device11,11d,192.30.236.241
690i,2020-04-19 22:45:55,device15,15d,200.207.104.44
871i,2020-03-27 08:02:14,device15,15d,192.0.96.97
841i,2020-01-05 18:18:33,device10,10d,203.209.45.104
1220i,2020-05-17 13:21:31,device18,18d,192.120.206.204
314i,2020-04-15 07:10:49,device6,6d,67.158.249.17
668i,2019-11-20 09:24:30,device14,14d,192.88.5.199
1029i,2020-05-19 03:14:46,device16,16d,203.9.43.147
481i,2020-03-07 16:45:00,device16,16d,192.65.203.89
516i,2020-02-16 15:06:35,device10,10d,141.37.80.31
486i,2020-03-29 17:20:22,device3,3d,192.88.237.103
374i,2020-02-02 19:56:12,device19,19d,192.175.103.98
449i,2019-11-18 02:10:36,device7,7d,174.134.144.97
1026i,2020-03-05 19:34:39,device1,1d,192.2.22.177
355i,2020-02-13 10:16:13,device14,14d,100.2.44.78
625i,2020-03-06 08:41:12,device15,15d,192.52.216.107
683i,2019-12-29 21:40:02,device10,10d,192.52.232.107
375i,2020-05-16 06:54:10,device4,4d,192.184.135.17
400i,2019-11-19 10:56:39,device17,17d,192.174.29.9
78i,2019-12-25 12:30:58,device6,6d,201.19.187.53
623i,2020-03-14 10:49:56,device18,18d,192.88.112.98
1198i,2020-04-30 01:19:30,device9,9d,198.157.42.60
627i,2019-11-28 13:37:50,device5,5d,192.88.66.183
250i,2020-01-30 15:53:42,device10,10d,192.31.214.234
972i,2020-05-20 01:58:55,device2,2d,192.31.145.175
176i,2020-02-18 17:52:50,device1,1d,192.175.53.125
542i,2020-01-26 12:55:07,device9,9d,192.88.125.225
957i,2020-05-06 14:26:17,device8,8d,192.175.43.191
762i,2019-12-12 12:47:19,device14,14d,203.0.116.210
548i,2020-01-13 02:55:24,device8,8d,192.16.27.9
238i,2020-03-19 12:24:46,device19,19d,97.234.139.161
208i,2019-12-22 07:43:19,device4,4d,192.0.13.236
648i,2020-03-10 01:29:14,device17,17d,198.51.99.186
210i,2020-02-19 05:52:26,device6,6d,192.174.101.170
299i,2020-05-23 10:39:58,device8,8d,192.173.193.139
691i,2019-12-29 13:44:02,device4,4d,196.148.141.245
861i,2020-06-05 06:51:06,device1,1d,192.31.211.34
301i,2020-05-18 12:29:01,device13,13d,198.50.252.247
348i,2020-04-04 11:58:08,device15,15d,192.91.91.106
36i,2019-11-14 05:41:06,device5,5d,192.88.96.114
342i,2019-11-14 16:49:28,device15,15d,192.53.27.92
1200i,2019-12-29 08:52:40,device19,19d,192.174.143.219
396i,2020-04-06 16:33:50,device6,6d,192.175.51.44
304i,2020-04-27 01:14:01,device18,18d,192.167.125.109
1218i,2020-05-11 03:16:51,device15,15d,192.88.97.147
1236i,2019-12-19 03:32:38,device12,12d,192.31.215.145
55i,2019-12-22 11:03:50,device13,13d,198.22.71.168
996i,2020-01-29 06:07:40,device13,13d,181.221.68.50
1297i,2020-04-06 00:34:45,device6,6d,198.58.153.135
562i,2020-04-21 02:31:43,device1,1d,192.93.184.166
423i,2019-12-22 10:18:20,device9,9d,192.175.58.241
680i,2019-12-13 13:02:10,device15,15d,157.91.59.171
51i,2020-06-07 12:22:34,device15,15d,198.51.101.127
292i,2019-12-16 21:32:54,device11,11d,192.52.192.232
175i,2020-03-23 18:54:53,device3,3d,192.0.3.186
63i,2019-12-03 08:04:59,device15,15d,192.31.197.47
156i,2019-11-30 04:12:40,device3,3d,192.88.98.125
661i,2020-04-01 16:15:02,device3,3d,192.88.96.123
77i,2019-12-05 04:54:07,device12,12d,192.38.34.164
1032i,2020-02-09 04:31:16,device8,8d,199.0.108.251
745i,2019-12-09 11:36:24,device3,3d,192.175.49.5
63i,2020-04-02 09:10:07,device16,16d,169.235.252.90
334i,2019-11-14 17:32:30,device11,11d,203.1.173.125
1034i,2020-04-14 01:18:02,device10,10d,198.52.119.104
948i,2020-01-08 02:15:25,device16,16d,192.31.140.112
1144i,2019-12-28 19:57:32,device3,3d,198.51.82.158
616i,2020-06-04 10:07:38,device13,13d,123.211.13.147
905i,2020-05-17 14:07:26,device2,2d,198.51.175.126
774i,2020-01-01 04:22:02,device13,13d,1.77.85.204
418i,2020-04-30 09:59:19,device8,8d,192.190.26.206
1244i,2020-03-16 11:02:04,device10,10d,192.0.22.160
671i,2020-04-16 00:22:39,device1,1d,14.169.251.133
81i,2019-12-03 20:10:39,device20,20d,197.36.244.78
434i,2020-01-06 00:48:28,device17,17d,11.245.220.75
1224i,2019-12-15 09:56:49,device7,7d,192.31.98.84
496i,2019-12-15 09:56:49,device13,13d,192.31.98.84
1099i,2019-12-15 09:56:49,device1,1d,192.31.98.84
27i,2019-12-15 09:56:49,device16,16d,192.31.98.84
897i,2019-12-15 09:56:49,device13,13d,192.31.98.84
632i,2019-12-15 09:56:49,device11,11d,192.31.98.84
211i,2019-12-15 09:56:49,device12,12d,192.31.98.84
718i,2019-12-15 09:56:49,device14,14d,192.31.98.84
357i,2019-12-15 09:56:49,device10,10d,192.31.98.84
1211i,2020-02-17 17:51:49,device16,16d,192.2.108.133
1111i,2020-03-10 20:49:41,device1,1d,192.0.3.136
182i,2020-02-08 11:00:32,device17,17d,192.169.246.182
172i,2020-04-01 20:33:45,device2,2d,192.68.73.213
703i,2019-12-18 13:17:48,device7,7d,203.130.68.127
933i,2020-05-29 14:38:17,device5,5d,192.31.203.220
1108i,2020-05-01 06:17:15,device11,11d,101.236.57.66
593i,2020-05-17 22:38:42,device4,4d,198.49.193.219
963i,2020-02-17 07:08:42,device15,15d,192.31.203.206
635i,2020-02-29 21:32:30,device1,1d,192.31.239.164
1063i,2020-01-30 01:27:23,device9,9d,198.220.155.82
287i,2020-04-19 23:10:32,device19,19d,198.51.109.157
923i,2019-12-23 14:34:01,device19,19d,198.23.109.190
1254i,2020-02-26 21:44:04,device9,9d,192.37.133.205
718i,2020-03-15 18:48:58,device18,18d,192.30.35.148
780i,2020-02-01 00:13:57,device2,2d,198.21.187.69
950i,2020-03-14 17:54:19,device6,6d,192.0.3.248
193i,2020-03-09 22:51:20,device12,12d,198.31.194.19
1180i,2020-03-21 13:25:55,device2,2d,192.175.53.194
617i,2020-01-16 02:56:53,device20,20d,169.54.118.131
235i,2019-12-29 15:41:49,device8,8d,192.48.116.87
267i,2020-03-01 05:40:20,device11,11d,195.252.131.68
1041i,2019-11-25 00:44:26,device18,18d,198.51.106.213
1161i,2020-04-07 10:13:00,device9,9d,203.52.63.176
941i,2020-02-29 21:08:48,device14,14d,27.117.52.98
794i,2019-12-25 20:19:58,device20,20d,192.0.11.197
1138i,2020-03-15 07:50:16,device13,13d,192.30.103.6
167i,2020-01-22 22:17:19,device7,7d,10.91.141.12
542i,2020-02-26 11:02:12,device12,12d,192.52.192.219
674i,2020-02-23 23:28:29,device2,2d,203.0.115.244
1208i,2020-01-24 05:32:28,device6,6d,192.1.8.220
719i,2020-04-17 05:40:01,device4,4d,100.26.98.72
78i,2020-05-04 19:21:26,device17,17d,106.210.173.156
479i,2020-02-06 23:30:00,device8,8d,171.59.200.154
390i,2020-01-03 12:50:09,device7,7d,199.25.201.47
866i,2019-11-27 17:10:49,device17,17d,203.0.54.167
884i,2020-01-16 17:21:13,device5,5d,203.0.127.111
69i,2020-04-16 10:53:34,device9,9d,198.51.24.144
427i,2020-02-27 11:34:02,device18,18d,198.48.251.137
456i,2020-04-27 03:18:24,device1,1d,192.52.243.1
873i,2020-01-21 14:31:44,device11,11d,223.163.50.82
176i,2020-02-11 11:37:22,device7,7d,192.175.50.191
429i,2020-04-21 11:07:03,device4,4d,198.51.101.43
600i,2020-03-24 16:50:54,device10,10d,192.175.50.237
653i,2020-03-20 18:33:31,device15,15d,100.29.105.200
638i,2020-03-18 23:11:37,device16,16d,192.88.96.29
328i,2020-04-15 06:55:55,device12,12d,192.5.120.45
230i,2019-12-29 06:18:27,device19,19d,170.155.78.233
572i,2020-04-05 19:04:00,device6,6d,198.50.86.215
299i,2019-12-14 08:59:21,device14,14d,192.88.97.202
619i,2019-12-08 02:55:19,device8,8d,192.88.69.59
928i,2020-01-22 04:29:24,device20,20d,192.53.120.221
375i,2019-12-25 18:46:32,device9,9d,192.23.204.114
951i,2020-04-06 01:27:18,device19,19d,101.174.87.98
538i,2020-04-12 12:01:35,device19,19d,192.175.49.166
912i,2019-11-29 03:05:02,device17,17d,169.255.114.170
919i,2020-05-09 04:44:12,device6,6d,192.31.228.48
19i,2020-03-21 22:53:58,device5,5d,3.60.170.71
465i,2020-04-30 10:10:05,device12,12d,192.22.52.98
588i,2019-12-13 10:01:48,device20,20d,169.231.91.74
403i,2019-12-29 10:48:38,device13,13d,192.52.158.31
414i,2019-12-08 07:52:45,device3,3d,198.56.208.172
1075i,2020-05-18 12:26:19,device4,4d,192.0.11.31
542i,2020-01-24 07:48:16,device4,4d,198.16.57.22
2i,2020-03-26 20:13:36,device15,15d,192.175.62.190
749i,2020-06-03 19:28:27,device15,15d,196.25.65.241
86i,2020-03-30 22:37:29,device3,3d,192.88.98.243
633i,2020-01-14 18:50:39,device2,2d,192.88.98.135
483i,2019-12-07 03:50:32,device11,11d,203.0.110.200
1121i,2020-04-17 06:17:06,device6,6d,192.62.119.19
1145i,2020-05-08 05:43:01,device5,5d,192.88.107.71
131i,2020-02-07 01:57:26,device5,5d,198.50.33.93
710i,2020-04-03 08:10:38,device14,14d,192.88.96.179
50i,2020-05-24 22:41:21,device4,4d,192.1.184.73
232i,2020-03-25 21:13:38,device12,12d,192.175.139.133
54i,2020-02-12 16:42:16,device3,3d,99.18.245.59
769i,2020-02-10 19:35:28,device8,8d,203.6.10.30
1095i,2019-12-21 12:14:59,device9,9d,124.168.245.6
58i,2019-12-17 23:00:23,device2,2d,198.51.98.175
1005i,2020-03-21 11:37:47,device11,11d,192.174.148.42
906i,2020-04-25 20:01:35,device2,2d,192.175.49.54
126i,2020-04-03 01:30:21,device17,17d,169.255.170.92
264i,2019-12-18 00:48:00,device9,9d,205.150.128.228
1258i,2020-01-04 10:17:35,device1,1d,192.2.87.248
299i,2020-05-07 21:03:38,device8,8d,192.0.7.188
1273i,2020-04-20 06:34:01,device1,1d,192.88.96.104
1015i,2019-12-12 15:59:58,device20,20d,192.88.102.233
563i,2020-03-28 12:15:40,device6,6d,192.95.221.133
1096i,2020-03-05 07:36:29,device6,6d,192.88.115.161
923i,2020-02-01 08:59:56,device19,19d,192.0.186.22
63i,2019-12-20 08:55:03,device2,2d,169.239.68.2
582i,2020-03-20 13:40:34,device2,2d,192.175.49.85
223i,2019-11-13 06:46:39,device19,19d,192.88.120.118
609i,2020-03-08 21:59:29,device19,19d,192.88.220.243
410i,2020-05-29 03:25:27,device7,7d,192.29.133.26
517i,2020-03-10 22:10:16,device18,18d,203.5.195.177
318i,2019-11-18 20:59:07,device9,9d,57.30.97.240
417i,2019-11-23 10:59:55,device10,10d,27.145.244.217
1108i,2020-05-04 16:10:29,device14,14d,207.52.140.2
168i,2020-04-27 15:03:35,device12,12d,197.143.200.253
545i,2019-12-26 01:15:40,device3,3d,192.31.197.182
726i,2020-05-02 13:10:24,device5,5d,203.63.106.25
586i,2020-01-23 21:54:20,device18,18d,169.148.163.181
952i,2020-06-04 15:20:43,device7,7d,198.48.210.249
1204i,2020-03-21 05:25:45,device7,7d,109.249.231.194
1127i,2020-05-20 23:11:52,device14,14d,192.175.212.160
559i,2020-06-01 01:19:49,device11,11d,192.54.137.58
537i,2020-05-22 14:40:30,device13,13d,192.89.230.16
372i,2020-04-03 18:27:46,device7,7d,119.122.144.232
798i,2020-05-24 08:20:21,device19,19d,132.187.243.188
35i,2020-02-10 03:54:43,device6,6d,192.88.102.225
1179i,2020-02-08 09:02:49,device14,14d,2.156.114.203
787i,2020-02-29 03:57:04,device2,2d,199.37.82.136
125i,2020-02-04 00:46:46,device7,7d,168.100.94.31
256i,2020-01-23 17:21:52,device20,20d,198.25.49.132
861i,2020-03-31 23:58:05,device4,4d,169.255.201.225
1067i,2020-02-16 16:59:53,device1,1d,192.0.33.103
661i,2020-03-12 01:36:05,device9,9d,198.37.1.45
405i,2019-12-17 19:56:46,device4,4d,192.52.207.193
146i,2020-02-26 00:33:07,device2,2d,102.198.39.204
1194i,2020-02-24 08:15:15,device3,3d,108.206.150.77
398i,2020-02-27 16:56:54,device2,2d,192.95.171.201
1298i,2020-03-31 06:39:05,device7,7d,205.18.5.131
984i,2019-12-09 06:02:31,device7,7d,198.51.102.228
1178i,2020-05-10 19:27:20,device18,18d,6.44.227.122
985i,2020-04-24 08:56:53,device4,4d,192.174.27.19
8i,2019-12-24 07:41:42,device6,6d,198.51.81.115
1049i,2020-02-17 01:55:53,device17,17d,169.158.244.206
122i,2020-04-11 22:43:40,device6,6d,100.50.199.138
1100i,2019-12-31 11:29:04,device15,15d,192.52.126.20
64i,2020-02-11 21:54:02,device10,10d,192.47.245.107
1083i,2020-02-03 08:35:56,device9,9d,192.175.113.158
972i,2020-05-14 20:47:44,device20,20d,198.51.101.49
1071i,2020-03-02 05:52:29,device17,17d,192.0.126.41
621i,2019-12-22 02:59:39,device11,11d,192.175.79.225
1298i,2020-06-02 16:37:10,device1,1d,169.251.165.84
1218i,2020-05-28 11:56:25,device10,10d,198.40.121.200
595i,2019-12-14 15:56:32,device19,19d,192.175.120.181
1204i,2020-04-12 21:01:54,device13,13d,192.88.158.146
935i,2020-02-25 01:41:49,device4,4d,203.2.3.204
440i,2020-02-05 05:29:31,device17,17d,192.88.98.121
148i,2020-02-14 13:59:16,device16,16d,192.88.106.12
532i,2019-12-03 11:31:53,device3,3d,114.96.191.108
1182i,2020-05-12 04:30:04,device12,12d,169.255.0.227
1096i,2020-01-31 21:38:34,device15,15d,203.0.119.114
968i,2020-05-07 21:34:21,device17,17d,192.29.69.135
1096i,2019-12-01 01:33:30,device12,12d,112.9.131.65
1206i,2020-01-20 00:37:14,device3,3d,192.16.42.170
371i,2020-03-13 07:09:04,device13,13d,198.51.96.67
353i,2020-05-28 15:20:32,device12,12d,192.0.162.255
861i,2020-02-20 17:29:37,device10,10d,101.21.192.107
1076i,2020-04-15 03:45:46,device7,7d,192.52.229.201
557i,2019-11-29 15:45:24,device13,13d,192.27.98.128
458i,2020-05-08 01:07:26,device1,1d,198.54.12.165
171i,2020-06-06 02:38:43,device10,10d,192.175.50.252
69i,2020-01-12 05:49:31,device19,19d,126.132.88.164
363i,2019-12-17 12:13:17,device19,19d,203.0.88.54
732i,2019-12-10 13:02:16,device7,7d,109.163.164.175
473i,2020-04-03 03:12:48,device9,9d,192.0.3.247
587i,2019-11-24 23:11:35,device10,10d,100.47.52.239
863i,2020-05-06 22:11:17,device13,13d,192.53.125.34
1238i,2020-01-30 07:32:59,device12,12d,173.41.205.119
611i,2020-03-01 06:06:21,device2,2d,203.3.109.74
722i,2019-12-16 19:51:55,device9,9d,192.167.250.157
574i,2020-03-07 21:20:44,device19,19d,192.88.221.78
1211i,2019-11-13 10:54:59,device11,11d,192.31.37.7
173i,2019-12-24 06:05:35,device11,11d,192.168.56.232
899i,2020-04-10 18:51:51,device4,4d,192.88.104.164
727i,2020-03-06 05:31:39,device18,18d,192.53.142.236
1200i,2020-02-10 14:39:50,device14,14d,192.46.235.221
196i,2020-03-31 12:09:50,device16,16d,192.0.190.199
404i,2019-11-17 07:29:48,device14,14d,198.51.98.182
1147i,2020-04-01 18:19:54,device3,3d,172.22.109.226
609i,2020-04-05 13:34:57,device18,18d,192.88.176.157
895i,2020-04-06 23:56:31,device8,8d,192.88.127.77
132i,2019-11-14 08:00:48,device2,2d,56.242.215.66
1185i,2020-02-24 01:23:29,device10,10d,192.175.60.106
1107i,2020-06-05 04:55:13,device3,3d,192.88.35.179
975i,2020-01-26 09:27:49,device11,11d,192.0.137.155
503i,2020-02-06 12:45:43,device3,3d,194.195.84.233
1263i,2020-01-12 05:11:17,device20,20d,102.216.227.88
77i,2019-12-05 16:59:08,device12,12d,201.84.25.212
501i,2020-01-04 06:34:04,device8,8d,203.0.121.118
589i,2020-01-28 04:02:12,device11,11d,192.52.197.153
927i,2019-12-17 01:06:33,device2,2d,192.31.223.236
399i,2019-12-01 14:10:26,device20,20d,192.0.6.227
781i,2020-05-24 03:39:26,device13,13d,108.250.125.182
574i,2020-03-25 22:06:56,device9,9d,198.16.104.212
509i,2020-03-08 04:59:30,device20,20d,192.9.21.205
400i,2020-01-19 08:32:15,device1,1d,196.81.79.57
511i,2020-03-26 21:26:13,device14,14d,197.78.213.114
699i,2020-03-23 23:59:44,device10,10d,203.0.107.84
1238i,2019-11-23 22:52:14,device8,8d,203.0.138.106
48i,2020-03-24 12:26:26,device18,18d,169.248.250.226
1129i,2020-04-25 02:33:07,device13,13d,192.167.195.157
114i,2019-12-31 16:08:47,device11,11d,198.50.127.90
802i,2020-04-09 09:04:41,device14,14d,192.88.55.135
1125i,2019-12-13 06:10:13,device11,11d,192.52.214.225
1020i,2020-03-30 00:33:21,device16,16d,192.31.197.194
675i,2019-11-15 11:05:28,device2,2d,7.100.48.33
258i,2020-02-23 20:38:11,device20,20d,198.54.211.210
1295i,2020-04-16 08:47:09,device5,5d,1.17.122.85
998i,2020-04-13 11:09:06,device13,13d,203.218.104.45
167i,2019-12-18 13:27:50,device1,1d,198.64.133.244
1278i,2019-12-01 12:55:11,device5,5d,1.16.115.167
329i,2020-05-22 21:29:23,device17,17d,203.1.168.227
1196i,2020-06-02 06:25:18,device11,11d,2.108.230.245
809i,2020-02-01 10:54:30,device9,9d,198.51.234.47
1241i,2019-12-26 10:53:27,device20,20d,192.0.3.202
58i,2020-05-11 09:15:13,device14,14d,198.218.205.211
80i,2020-01-26 21:35:02,device10,10d,192.172.218.80
1141i,2020-05-15 10:34:15,device16,16d,192.0.142.252
1169i,2019-12-09 18:18:23,device10,10d,203.0.107.29
560i,2019-12-16 06:10:18,device12,12d,100.144.17.86
508i,2020-05-28 15:01:16,device14,14d,167.30.104.165
79i,2020-03-17 11:17:39,device12,12d,192.68.202.1
440i,2019-11-15 06:59:44,device20,20d,203.0.108.35
847i,2019-11-18 17:28:34,device3,3d,198.198.145.99
1033i,2020-03-15 16:15:06,device6,6d,203.2.3.147
39i,2020-02-29 23:03:05,device9,9d,165.35.188.23
945i,2020-04-15 16:40:28,device7,7d,203.0.115.223
816i,2020-04-08 13:44:35,device1,1d,39.9.199.157
278i,2019-12-31 08:31:15,device1,1d,198.51.103.60
121i,2020-06-08 11:29:24,device5,5d,169.252.106.214
705i,2019-12-30 05:58:21,device9,9d,192.81.24.31
239i,2020-04-02 12:34:35,device12,12d,192.22.239.228
655i,2020-01-07 14:08:55,device9,9d,192.52.113.145
1264i,2020-02-22 08:47:21,device15,15d,192.1.19.92
747i,2019-12-27 11:42:20,device3,3d,192.175.55.27
486i,2020-01-21 01:47:47,device9,9d,198.51.85.124
47i,2020-06-07 00:04:11,device7,7d,198.50.91.201
946i,2020-03-09 01:50:20,device2,2d,199.82.145.80
641i,2020-03-16 08:34:57,device15,15d,198.51.97.123
535i,2020-05-01 23:33:15,device6,6d,192.175.50.192
735i,2020-04-26 14:03:08,device9,9d,192.175.28.124
212i,2020-02-19 20:27:19,device3,3d,168.173.63.46
1150i,2019-12-10 15:42:22,device1,1d,192.0.88.147
583i,2020-04-12 21:43:07,device12,12d,192.175.33.47
558i,2020-02-08 23:01:28,device18,18d,192.175.52.132
897i,2019-12-31 21:56:57,device5,5d,192.175.41.55
655i,2020-06-03 12:08:48,device6,6d,100.62.121.36
401i,2020-02-15 06:01:33,device8,8d,192.89.41.199
667i,2020-02-28 07:36:00,device3,3d,196.203.82.237
976i,2020-02-24 04:35:56,device7,7d,192.0.32.124
825i,2019-12-26 11:38:44,device7,7d,192.52.244.38
676i,2020-06-05 17:27:12,device10,10d,198.44.149.161
1198i,2020-02-22 21:45:56,device14,14d,100.49.220.25
72i,2020-05-15 18:21:01,device5,5d,192.82.100.249
359i,2020-04-08 18:03:51,device14,14d,192.34.161.48
474i,2020-01-07 15:16:42,device17,17d,125.224.250.128
448i,2020-05-01 02:32:22,device16,16d,192.88.96.194
473i,2020-04-20 02:11:10,device14,14d,169.255.180.173
810i,2019-12-29 09:47:23,device2,2d,203.0.105.103
517i,2020-02-13 22:53:58,device4,4d,198.51.99.43
129i,2020-04-22 17:11:36,device5,5d,203.0.22.203
736i,2019-11-29 07:15:31,device5,5d,192.175.13.175
531i,2020-01-23 12:39:40,device4,4d,192.90.117.98
700i,2020-03-11 05:57:24,device3,3d,192.173.99.121
1136i,2020-06-07 06:18:43,device5,5d,169.224.159.206
1163i,2019-12-23 17:37:37,device11,11d,20.131.175.197
221i,2019-12-11 22:02:38,device5,5d,192.52.195.250
59i,2020-05-26 05:58:20,device6,6d,192.0.91.135
784i,2020-06-03 23:23:36,device3,3d,198.51.11.161
1198i,2020-05-23 18:55:18,device5,5d,192.88.132.131
555i,2020-03-20 17:27:48,device12,12d,192.53.186.176
305i,2020-01-14 01:49:21,device15,15d,194.105.151.64
1032i,2020-04-02 13:18:27,device5,5d,198.51.112.118
204i,2020-01-23 14:02:55,device7,7d,192.89.212.118
2i,2019-11-24 22:26:53,device20,20d,192.172.76.45
132i,2019-12-23 18:21:40,device13,13d,198.43.21.27
1241i,2020-03-18 19:22:50,device11,11d,192.88.62.254
1257i,2020-02-23 19:30:43,device18,18d,198.26.188.29
810i,2019-12-02 03:46:03,device11,11d,204.50.11.78
1198i,2020-03-31 19:26:56,device6,6d,192.175.50.146
1122i,2019-11-16 10:09:42,device13,13d,192.88.100.178
1051i,2020-04-10 20:36:29,device8,8d,141.213.83.133
932i,2020-05-03 19:45:46,device8,8d,192.57.122.120
1007i,2020-04-07 15:14:57,device11,11d,167.11.216.207
661i,2020-03-22 03:42:46,device3,3d,192.175.96.57
1158i,2020-01-03 13:00:04,device19,19d,192.180.171.33
658i,2020-01-19 00:50:17,device19,19d,192.0.201.73
293i,2019-11-14 20:49:18,device2,2d,192.175.60.233
1183i,2019-12-26 18:40:08,device3,3d,203.102.48.84
749i,2020-01-25 09:50:20,device5,5d,203.0.255.93
34i,2019-11-29 02:20:15,device13,13d,1.212.137.166
877i,2020-04-13 17:02:59,device6,6d,53.252.124.216
45i,2020-02-07 18:52:09,device15,15d,102.150.175.2
157i,2020-01-23 02:13:09,device12,12d,192.0.4.34
852i,2020-05-04 17:20:57,device9,9d,198.125.189.166
266i,2020-02-20 19:21:51,device2,2d,192.92.32.13
1144i,2020-01-11 22:23:38,device9,9d,192.175.133.246
1221i,2020-01-11 22:23:38,device14,14d,192.175.133.246
864i,2020-01-11 22:23:38,device11,11d,192.175.133.246
785i,2020-01-11 22:23:38,device11,11d,192.175.133.246
1042i,2020-01-11 22:23:38,device15,15d,192.175.133.246
704i,2020-01-11 22:23:38,device9,9d,192.175.133.246
959i,2020-01-11 22:23:38,device2,2d,192.175.133.246
31i,2020-03-17 09:11:10,device2,2d,192.52.123.214
608i,2020-04-22 07:50:33,device19,19d,171.28.121.213
725i,2020-04-08 09:01:36,device3,3d,192.0.28.194
88i,2020-05-04 05:32:04,device11,11d,192.31.193.48
396i,2020-01-11 20:43:21,device16,16d,192.67.0.217
523i,2019-12-25 23:22:58,device13,13d,203.211.49.168
1232i,2020-05-21 17:30:57,device16,16d,203.0.53.37
1054i,2019-12-12 02:49:53,device7,7d,169.252.181.80
270i,2019-12-08 06:21:34,device13,13d,192.4.211.114
1139i,2020-03-11 02:59:09,device19,19d,192.52.199.32
1268i,2020-03-29 15:51:04,device18,18d,203.0.42.131
911i,2019-12-18 21:08:11,device2,2d,192.88.62.3
1078i,2020-05-31 02:22:27,device11,11d,192.175.233.15
998i,2020-02-13 19:53:54,device7,7d,37.16.47.228
1125i,2020-01-30 09:05:42,device2,2d,192.0.3.135
65i,2019-12-28 18:11:24,device3,3d,203.214.217.35
904i,2020-02-10 22:37:37,device3,3d,169.177.57.10
324i,2020-06-07 15:12:52,device15,15d,198.38.190.176
941i,2020-02-09 09:47:11,device14,14d,192.175.76.226
210i,2020-06-01 09:52:00,device11,11d,192.52.199.172
951i,2019-12-03 09:10:28,device11,11d,192.92.4.164
826i,2019-12-07 11:28:34,device7,7d,192.175.227.185
1052i,2020-03-31 09:05:19,device15,15d,199.28.22.229
725i,2020-06-03 22:26:57,device1,1d,192.0.11.173
252i,2019-12-30 07:41:45,device17,17d,31.98.151.16
634i,2020-04-21 21:57:12,device3,3d,192.175.17.188
374i,2020-02-03 22:37:06,device17,17d,193.65.44.159
927i,2019-12-04 15:48:31,device10,10d,192.31.52.158
1225i,2020-03-10 01:25:10,device14,14d,192.0.36.156
692i,2020-02-04 08:42:00,device18,18d,199.19.59.162
197i,2019-12-06 06:49:43,device12,12d,192.0.62.211
865i,2020-03-05 23:23:39,device13,13d,192.0.92.64
281i,2019-12-05 12:47:12,device19,19d,193.129.90.4
365i,2020-05-27 03:51:03,device19,19d,192.30.88.146
36i,2020-02-15 21:35:51,device8,8d,198.29.16.237
1031i,2020-01-25 08:51:10,device8,8d,192.0.22.119
1134i,2020-03-19 12:47:15,device15,15d,192.91.229.50
1109i,2020-05-03 01:38:07,device9,9d,192.175.51.48
372i,2020-03-06 08:12:47,device5,5d,192.174.96.109
1163i,2020-03-25 23:50:51,device20,20d,192.0.26.76
474i,2020-02-26 20:09:13,device2,2d,199.167.112.34
948i,2020-03-30 02:23:08,device3,3d,192.88.35.180
1016i,2020-03-15 02:54:39,device18,18d,192.172.107.73
328i,2019-12-15 16:58:31,device6,6d,169.214.63.59
937i,2019-11-28 17:57:08,device20,20d,192.162.156.137
847i,2019-12-28 23:35:30,device19,19d,192.0.3.37
43i,2020-01-12 22:38:08,device19,19d,192.0.24.179
111i,2020-05-25 20:45:06,device3,3d,169.113.181.115
539i,2020-05-11 11:20:47,device2,2d,99.205.63.101
448i,2020-05-04 11:12:49,device10,10d,210.193.171.198
975i,2020-05-08 09:39:39,device2,2d,192.52.190.166
511i,2020-05-27 21:35:35,device10,10d,198.51.46.24
652i,2020-03-03 07:48:30,device3,3d,169.252.209.81
253i,2020-02-13 02:16:41,device11,11d,198.51.114.106
764i,2020-02-01 16:13:55,device7,7d,198.49.152.44
395i,2020-03-08 03:25:31,device16,16d,192.21.168.43
376i,2020-01-03 01:04:10,device5,5d,192.31.204.39
945i,2020-01-03 09:10:34,device1,1d,165.35.128.250
390i,2020-05-05 21:07:42,device4,4d,192.0.6.126
95i,2020-02-17 10:26:53,device4,4d,203.0.114.226
995i,2020-02-27 23:42:11,device10,10d,192.93.105.60
308i,2019-12-31 09:11:10,device20,20d,205.93.187.8
258i,2019-12-13 01:00:29,device15,15d,192.175.181.9
888i,2020-01-08 04:54:45,device12,12d,168.80.6.250
729i,2020-03-12 06:22:45,device6,6d,198.53.248.231
730i,2020-04-17 14:35:23,device4,4d,169.236.29.111
47i,2020-04-12 21:44:55,device1,1d,192.31.243.145
741i,2019-12-24 22:00:40,device13,13d,168.210.0.219
1236i,2020-04-23 12:08:46,device5,5d,203.0.112.187
652i,2020-01-21 09:58:54,device3,3d,192.164.41.117
1083i,2019-12-02 17:51:22,device1,1d,192.94.24.252
1136i,2019-12-01 07:49:27,device2,2d,203.1.26.24
368i,2020-01-09 02:35:21,device2,2d,192.29.44.175
949i,2020-03-31 00:25:35,device14,14d,198.51.102.113
700i,2019-12-18 05:42:05,device14,14d,192.31.202.36
765i,2020-01-31 00:02:01,device5,5d,192.0.5.103
506i,2020-06-01 16:57:18,device4,4d,201.205.105.200
468i,2020-05-06 05:01:08,device6,6d,192.52.250.153
1015i,2019-12-09 04:24:30,device15,15d,168.76.186.116
389i,2020-02-12 22:44:10,device20,20d,192.175.117.241
952i,2020-02-23 08:19:49,device1,1d,100.58.26.88
396i,2020-01-18 12:10:12,device17,17d,198.49.224.124
886i,2020-06-09 10:34:12,device9,9d,203.37.124.89
518i,2019-11-27 10:59:31,device4,4d,192.140.58.107
186i,2019-11-25 20:23:28,device20,20d,192.0.30.243
232i,2020-02-03 02:59:36,device16,16d,192.60.106.88
1156i,2020-03-22 23:34:20,device9,9d,169.199.171.249
621i,2020-01-15 15:55:48,device8,8d,223.130.153.189
1108i,2020-04-22 18:29:43,device10,10d,196.152.248.194
1285i,2019-12-06 11:50:23,device14,14d,198.51.103.154
548i,2019-12-09 00:09:10,device3,3d,207.156.29.192
953i,2020-05-17 15:53:19,device10,10d,198.168.237.243
635i,2020-02-09 05:00:16,device8,8d,192.169.101.40
412i,2019-12-30 11:45:14,device20,20d,1.2.193.233
584i,2020-02-19 09:21:52,device10,10d,192.52.38.78
136i,2020-05-18 17:58:48,device1,1d,192.88.107.38
651i,2020-04-27 14:04:45,device15,15d,192.8.85.108
1160i,2020-03-01 15:34:28,device8,8d,199.172.252.122
122i,2019-11-15 06:44:09,device7,7d,124.11.44.122
941i,2020-03-20 11:23:48,device3,3d,1.60.130.64
592i,2020-02-11 21:08:48,device18,18d,196.95.55.238
911i,2020-05-21 19:07:29,device9,9d,112.135.93.30
1108i,2019-12-07 08:32:57,device9,9d,169.142.247.150
467i,2019-11-25 18:40:37,device16,16d,198.189.144.17
72i,2019-12-29 17:30:54,device20,20d,192.52.218.128
960i,2020-04-30 04:46:58,device8,8d,198.55.187.82
1027i,2020-03-15 09:53:19,device1,1d,192.175.49.97
26i,2019-11-14 23:25:45,device3,3d,192.88.69.23
936i,2019-12-04 13:52:41,device13,13d,192.88.102.167
876i,2020-02-26 23:38:11,device5,5d,192.52.253.18
918i,2020-03-18 05:42:39,device13,13d,198.51.112.116
952i,2020-05-01 04:00:27,device8,8d,198.51.244.237
226i,2019-12-26 23:39:24,device5,5d,3.161.75.204
705i,2020-03-12 06:41:27,device2,2d,192.156.71.118
266i,2020-03-19 07:56:41,device4,4d,192.52.203.31
339i,2020-06-01 13:37:28,device12,12d,192.82.155.4
657i,2019-11-14 02:08:05,device2,2d,203.141.193.56
164i,2020-03-15 05:16:45,device13,13d,192.0.87.39
1011i,2020-04-20 13:04:51,device10,10d,192.52.198.233
326i,2020-02-11 10:15:45,device10,10d,192.61.144.216
868i,2020-05-27 20:30:30,device18,18d,200.215.10.193
1167i,2020-01-31 01:35:12,device8,8d,62.50.75.0
1170i,2020-02-20 03:13:07,device6,6d,206.255.47.3
73i,2019-12-11 22:00:43,device7,7d,123.21.108.167
668i,2020-01-01 07:54:29,device7,7d,192.88.132.137
86i,2020-04-06 15:01:00,device2,2d,192.0.3.235
1244i,2020-03-02 10:17:14,device5,5d,202.139.116.205
47i,2020-05-10 10:21:09,device9,9d,192.235.175.94
523i,2020-06-01 22:19:50,device5,5d,162.61.148.109
982i,2019-12-23 17:22:15,device6,6d,192.0.96.105
84i,2019-12-11 11:25:24,device1,1d,192.53.100.93
941i,2020-04-20 02:53:28,device3,3d,203.0.114.78
193i,2019-11-24 04:56:57,device16,16d,192.94.67.205
445i,2020-03-26 03:01:43,device1,1d,198.51.186.234
982i,2020-05-23 12:16:17,device3,3d,198.51.85.12
278i,2020-03-04 18:31:25,device9,9d,192.31.193.96
573i,2020-02-15 16:22:47,device14,14d,198.51.93.32
363i,2020-05-06 01:20:47,device18,18d,192.186.247.168
432i,2020-03-13 18:02:18,device5,5d,192.5.202.185
270i,2020-06-05 18:56:56,device10,10d,192.174.7.85
666i,2020-01-05 23:25:36,device16,16d,198.53.121.19
331i,2020-05-27 04:01:42,device3,3d,203.0.81.161
1294i,2020-03-13 06:02:42,device18,18d,192.88.96.27
988i,2020-03-15 17:50:09,device2,2d,103.17.53.139
82i,2020-05-22 05:25:19,device15,15d,3.217.52.120
1245i,2020-02-03 11:23:58,device3,3d,120.109.197.231
1000i,2020-05-06 17:18:01,device9,9d,203.0.112.75
290i,2020-02-09 18:54:02,device7,7d,192.52.218.16
56i,2020-02-06 23:29:23,device8,8d,145.209.89.91
667i,2020-02-21 03:15:31,device7,7d,2.216.157.226
560i,2019-12-12 09:05:08,device8,8d,4.222.196.77
127i,2020-02-09 16:53:27,device2,2d,198.51.190.100
1051i,2020-01-05 06:07:01,device8,8d,201.215.61.200
1122i,2020-05-03 05:55:53,device6,6d,124.1.182.206
649i,2020-03-25 14:01:04,device18,18d,203.14.97.42
1125i,2020-05-19 07:51:07,device13,13d,169.255.49.41
1286i,2020-05-27 07:03:56,device14,14d,203.0.112.168
422i,2020-05-21 18:36:34,device10,10d,192.61.100.95
49i,2019-12-15 17:38:04,device7,7d,198.52.160.154
586i,2019-12-18 05:08:00,device3,3d,192.53.42.117
356i,2020-01-21 13:25:32,device4,4d,194.90.31.136
676i,2020-04-30 02:21:26,device17,17d,198.52.57.228
150i,2020-03-13 08:00:07,device11,11d,192.31.169.159
1039i,2020-04-12 18:18:39,device2,2d,198.11.138.109
892i,2020-06-07 03:57:30,device10,10d,1.219.122.93
11i,2020-03-25 23:01:53,device7,7d,198.93.131.22
443i,2019-12-15 11:46:57,device17,17d,196.62.40.201
875i,2020-05-03 08:08:04,device16,16d,192.175.54.137
350i,2020-03-23 02:04:06,device13,13d,123.102.26.61
1232i,2020-04-02 05:12:41,device12,12d,192.175.61.11
951i,2020-01-13 15:41:59,device16,16d,198.51.102.161
1093i,2019-12-30 14:33:41,device13,13d,192.3.68.75
50i,2020-05-17 19:48:43,device1,1d,192.0.4.252
1259i,2020-03-26 21:55:37,device4,4d,192.175.50.145
771i,2020-01-31 16:33:21,device20,20d,192.175.45.93
429i,2020-05-15 04:03:22,device19,19d,110.110.177.202
381i,2019-11-19 07:51:48,device15,15d,198.185.22.247
231i,2020-05-29 01:04:22,device20,20d,192.31.212.238
1111i,2019-12-03 18:53:51,device2,2d,198.50.58.51
1240i,2020-06-06 15:58:19,device6,6d,192.0.3.0
277i,2020-01-14 06:14:09,device8,8d,192.88.98.55
189i,2020-06-08 19:29:14,device11,11d,192.1.109.171
1243i,2020-01-13 13:42:53,device6,6d,192.175.221.15
873i,2020-04-03 00:31:10,device2,2d,131.209.230.56
799i,2020-04-18 06:07:48,device10,10d,101.56.55.129
683i,2020-01-14 03:39:26,device8,8d,203.12.109.202
91i,2020-03-03 11:00:56,device18,18d,203.5.78.11
523i,2020-01-20 14:11:38,device14,14d,203.2.246.195
1210i,2020-01-30 11:34:40,device13,13d,192.21.157.213
1252i,2020-02-04 08:40:00,device7,7d,192.52.184.215
1027i,2020-04-06 05:12:29,device15,15d,192.92.213.53
125i,2020-05-14 14:00:59,device7,7d,192.48.95.31
93i,2020-01-01 13:59:29,device9,9d,192.89.176.88
585i,2020-01-03 21:08:18,device4,4d,124.209.76.135
3i,2020-04-08 01:51:31,device5,5d,198.98.237.111
333i,2020-02-20 11:56:49,device12,12d,192.55.80.37
830i,2020-03-30 13:03:13,device13,13d,198.85.6.198
956i,2020-02-06 03:00:08,device10,10d,203.2.18.46
841i,2020-03-02 02:00:16,device4,4d,192.0.5.229
647i,2020-01-08 23:34:55,device6,6d,198.48.148.160
552i,2020-05-08 03:07:05,device15,15d,192.188.124.121
567i,2020-03-06 15:57:00,device9,9d,192.31.197.93
425i,2019-11-14 11:42:04,device10,10d,198.47.132.198
333i,2020-06-01 14:36:01,device1,1d,192.0.176.80
610i,2020-01-18 23:02:25,device5,5d,198.51.99.60
737i,2019-11-14 03:22:13,device18,18d,192.0.22.48
904i,2020-04-09 22:44:01,device7,7d,169.236.213.135
166i,2020-05-22 09:06:35,device2,2d,198.51.97.126
1086i,2019-12-06 07:02:26,device15,15d,192.31.198.207
1097i,2020-01-01 23:14:11,device1,1d,192.35.81.4
1075i,2020-03-14 19:46:26,device1,1d,192.31.199.250
790i,2020-01-16 20:55:14,device18,18d,87.138.55.217
1129i,2020-05-24 20:02:00,device9,9d,192.52.4.165
969i,2020-02-26 10:28:55,device1,1d,12.44.248.33
391i,2020-01-04 10:57:33,device3,3d,198.51.75.66
1081i,2020-05-11 09:18:47,device12,12d,192.17.65.193
201i,2019-12-18 19:32:32,device1,1d,115.7.228.147
112i,2019-11-18 11:30:59,device12,12d,192.50.230.10
1243i,2019-11-15 16:31:57,device17,17d,192.175.49.248
53i,2020-04-24 06:03:20,device11,11d,192.0.16.2
472i,2020-01-30 11:20:35,device3,3d,192.0.101.58
174i,2020-02-09 04:24:02,device2,2d,192.43.60.187
323i,2020-02-26 02:14:00,device18,18d,192.31.178.18
622i,2020-04-03 07:57:32,device19,19d,198.51.80.106
1080i,2020-02-24 06:05:36,device10,10d,168.136.81.174
312i,2020-05-03 22:18:23,device10,10d,203.101.60.194
563i,2020-04-26 11:08:08,device10,10d,192.88.131.229
176i,2020-01-23 14:56:18,device2,2d,192.52.203.18
368i,2020-01-24 20:30:10,device17,17d,192.52.192.249
297i,2020-05-22 19:51:29,device9,9d,165.234.60.237
589i,2020-02-09 10:03:53,device3,3d,198.51.44.14
529i,2020-03-17 14:36:39,device19,19d,169.194.145.60
1155i,2020-05-22 07:12:07,device19,19d,199.173.197.233
957i,2020-01-05 23:16:15,device3,3d,192.175.50.93
1056i,2019-12-07 17:54:33,device3,3d,192.91.113.169
956i,2020-02-25 10:05:10,device18,18d,192.174.204.3
627i,2020-02-12 07:27:26,device17,17d,169.117.94.104
869i,2020-04-18 20:30:25,device17,17d,192.252.226.9
200i,2019-11-15 20:29:19,device17,17d,192.0.97.57
642i,2020-04-06 23:54:10,device11,11d,198.23.203.133
426i,2020-01-16 17:43:03,device14,14d,192.55.31.15
91i,2020-03-11 03:16:58,device2,2d,198.12.74.179
779i,2020-02-04 03:16:13,device15,15d,10.82.47.205
608i,2020-03-12 04:04:15,device18,18d,203.26.46.208
538i,2020-06-01 07:05:21,device15,15d,168.132.157.156
919i,2020-05-21 15:11:53,device7,7d,192.0.186.32
1013i,2020-05-15 09:49:46,device1,1d,192.52.151.80
1091i,2019-11-18 14:18:04,device18,18d,3.126.200.3
549i,2020-06-08 05:49:18,device5,5d,169.75.127.187
22i,2020-02-25 17:43:51,device6,6d,192.175.172.112
131i,2020-01-27 22:35:03,device5,5d,192.175.22.116
826i,2020-01-08 04:15:44,device8,8d,198.173.139.248
488i,2020-03-24 12:55:52,device13,13d,1.142.16.28
209i,2020-05-14 00:45:59,device16,16d,192.52.195.106
552i,2019-12-15 05:52:29,device17,17d,192.1.97.114
119i,2020-01-23 02:25:17,device6,6d,58.166.54.198
663i,2019-12-23 12:22:00,device12,12d,192.91.138.76
278i,2020-03-19 07:11:23,device6,6d,192.31.85.40
648i,2020-01-14 23:13:07,device15,15d,198.11.216.219
710i,2019-12-01 09:35:32,device3,3d,192.31.28.180
1195i,2020-03-10 21:49:05,device16,16d,192.52.194.102
617i,2020-05-04 17:13:16,device1,1d,192.31.219.191
450i,2020-03-21 09:55:19,device3,3d,192.168.241.6
220i,2020-01-27 02:19:04,device5,5d,192.168.164.0
1070i,2020-05-28 00:07:41,device3,3d,198.54.141.132
849i,2020-04-01 18:23:28,device1,1d,192.175.129.11
1279i,2019-12-26 17:31:04,device7,7d,104.165.73.35
693i,2020-05-24 19:02:15,device14,14d,169.255.20.179
216i,2020-05-18 18:08:23,device9,9d,101.28.67.214
553i,2019-12-08 09:00:08,device6,6d,198.51.93.162
778i,2020-01-13 02:45:31,device11,11d,198.51.75.161
1233i,2020-04-26 06:15:37,device14,14d,192.31.206.94
114i,2020-01-26 13:34:47,device11,11d,192.4.97.49
299i,2019-12-20 10:36:21,device7,7d,169.167.148.42
52i,2020-04-21 08:34:05,device7,7d,193.238.130.211
508i,2020-05-08 07:37:49,device11,11d,192.0.1.251
445i,2020-01-30 03:42:45,device6,6d,198.51.98.197
174i,2020-05-22 22:26:47,device2,2d,198.51.106.199
527i,2020-05-31 20:58:56,device2,2d,192.25.20.208
172i,2019-12-09 03:41:58,device16,16d,192.29.85.180
137i,2020-04-07 06:35:40,device3,3d,169.31.162.150
245i,2019-12-11 14:13:00,device12,12d,203.3.166.236
1196i,2020-01-03 14:58:29,device19,19d,37.69.213.244
756i,2020-01-05 10:50:40,device11,11d,132.236.222.16
1140i,2020-01-22 23:04:01,device6,6d,198.51.104.174
782i,2020-03-26 10:05:50,device13,13d,192.169.127.215
1127i,2020-02-09 11:06:45,device16,16d,192.174.13.184
1059i,2020-03-25 11:50:00,device14,14d,198.51.104.241
1080i,2020-04-01 17:38:46,device3,3d,192.88.185.64
569i,2020-04-13 23:29:06,device7,7d,164.254.79.195
570i,2020-01-07 07:59:59,device11,11d,169.242.21.66
1025i,2020-04-21 17:48:51,device4,4d,198.17.224.125
678i,2020-03-07 22:24:26,device14,14d,192.52.250.40
570i,2020-01-29 10:18:57,device1,1d,192.52.201.164
554i,2019-11-13 00:32:39,device10,10d,203.20.63.121
878i,2020-01-02 08:37:54,device6,6d,192.84.136.251
860i,2020-02-29 06:38:28,device17,17d,203.6.163.102
480i,2020-03-04 05:47:00,device12,12d,198.20.201.9
99i,2020-02-10 00:56:17,device18,18d,203.0.2.233
63i,2020-02-28 14:19:37,device15,15d,192.51.44.236
1151i,2019-12-18 22:31:48,device11,11d,169.247.115.134
10i,2020-04-28 13:44:02,device3,3d,192.94.206.233
1156i,2019-12-27 14:43:13,device20,20d,187.133.174.52
414i,2020-01-16 04:39:55,device15,15d,203.0.114.25
650i,2020-01-02 20:42:50,device10,10d,203.0.118.25
220i,2020-03-18 13:04:51,device19,19d,101.90.224.145
310i,2020-05-23 22:22:24,device12,12d,78.148.169.215
946i,2019-12-11 13:09:00,device10,10d,203.0.114.225
1188i,2020-02-13 05:46:25,device7,7d,192.31.187.112
513i,2020-01-23 09:29:35,device7,7d,192.52.216.201
429i,2020-03-12 01:37:23,device4,4d,203.0.114.58
1238i,2020-02-10 05:31:26,device12,12d,192.31.210.127
965i,2020-03-11 20:52:55,device18,18d,192.173.18.161
924i,2019-12-19 17:33:10,device17,17d,168.237.19.209
460i,2020-01-31 04:09:58,device2,2d,192.159.43.192
794i,2019-11-13 00:52:37,device3,3d,198.46.70.49
4i,2019-11-28 05:17:50,device7,7d,192.184.96.139
193i,2019-12-26 20:14:31,device10,10d,198.51.103.158
543i,2020-01-02 00:38:21,device13,13d,169.251.72.116
444i,2020-03-04 13:01:09,device19,19d,203.0.126.123
1083i,2020-05-12 01:34:03,device11,11d,169.168.122.27
437i,2020-03-03 22:22:45,device9,9d,192.95.176.119
180i,2020-03-02 00:10:40,device1,1d,33.200.155.7
772i,2019-12-05 18:47:46,device17,17d,192.52.192.27
1289i,2020-05-18 17:45:13,device13,13d,192.160.97.111
601i,2020-05-05 22:44:47,device18,18d,203.1.70.178
799i,2020-06-05 18:14:59,device9,9d,169.17.2.114
914i,2020-04-22 15:42:24,device2,2d,192.88.217.101
1278i,2020-04-23 14:05:30,device10,10d,192.175.27.126
859i,2020-03-14 05:36:30,device9,9d,192.175.166.37
480i,2019-11-23 20:08:07,device11,11d,203.0.112.132
716i,2020-03-16 13:44:25,device8,8d,203.0.115.126
345i,2020-01-17 03:03:07,device17,17d,198.51.108.250
39i,2020-01-14 22:48:03,device12,12d,192.31.178.237
1163i,2019-11-17 10:21:43,device8,8d,168.3.107.36
406i,2020-04-04 23:21:28,device3,3d,198.31.225.36
805i,2020-01-26 16:58:17,device4,4d,169.13.54.145
336i,2020-01-06 06:18:04,device13,13d,192.0.9.49
929i,2020-03-29 13:24:55,device16,16d,192.46.144.35
1091i,2020-01-30 10:22:43,device12,12d,203.0.73.26
1026i,2019-11-22 05:04:31,device13,13d,198.47.49.112
918i,2020-01-18 08:19:37,device20,20d,116.21.186.144
1233i,2020-04-03 09:31:34,device5,5d,203.11.195.210
835i,2020-01-28 17:54:16,device8,8d,192.172.1.137
574i,2020-04-30 00:40:22,device18,18d,192.56.33.125
1065i,2020-01-16 05:32:39,device9,9d,192.13.29.135
184i,2019-12-14 13:53:00,device17,17d,169.227.160.87
903i,2019-12-31 23:44:41,device16,16d,169.243.199.113
390i,2020-04-02 19:08:41,device16,16d,192.57.105.127
1249i,2020-04-05 13:04:50,device4,4d,203.1.158.104
310i,2020-04-09 22:37:30,device4,4d,198.189.230.166
969i,2019-11-15 20:51:41,device20,20d,62.150.158.179
1042i,2020-02-02 11:50:14,device18,18d,117.239.93.96
997i,2019-12-10 08:57:59,device19,19d,192.175.2.118
145i,2020-05-14 14:44:55,device17,17d,192.88.109.197
923i,2020-05-31 01:13:03,device10,10d,192.88.96.100
929i,2019-12-01 20:05:13,device12,12d,192.49.147.137
409i,2020-01-03 18:28:25,device11,11d,203.0.118.122
470i,2020-03-10 11:51:17,device9,9d,198.186.190.181
1030i,2020-04-09 11:39:35,device11,11d,192.52.249.196
308i,2020-02-07 07:00:00,device10,10d,203.0.121.214
521i,2020-05-17 20:33:26,device18,18d,192.52.195.11
717i,2020-03-06 22:15:55,device4,4d,40.84.237.92
992i,2019-11-12 16:58:38,device11,11d,192.175.49.223
904i,2020-01-17 13:43:16,device6,6d,192.52.195.219
552i,2020-01-10 11:16:50,device13,13d,206.49.139.28
544i,2019-12-18 13:43:10,device18,18d,192.89.37.179
631i,2020-02-23 13:06:29,device15,15d,198.51.181.227
243i,2019-12-20 15:05:54,device8,8d,192.31.197.244
210i,2020-05-17 11:27:39,device1,1d,198.50.154.196
173i,2020-04-30 12:09:47,device19,19d,100.26.98.12
1083i,2020-03-08 20:56:46,device19,19d,3.44.109.39
128i,2020-05-26 22:16:42,device15,15d,117.126.89.13
769i,2020-01-30 07:32:44,device14,14d,169.252.44.213
512i,2020-01-26 11:14:48,device7,7d,169.223.146.36
1197i,2019-12-08 22:20:12,device17,17d,192.88.103.229
607i,2020-03-08 03:02:58,device9,9d,192.31.202.208
532i,2020-03-10 18:48:49,device14,14d,192.90.169.94
80i,2020-04-01 00:45:37,device4,4d,94.88.50.49
346i,2020-01-30 04:04:20,device14,14d,192.27.148.113
273i,2019-11-18 20:26:21,device6,6d,192.31.12.178
208i,2020-02-24 17:18:50,device14,14d,192.30.177.15
615i,2019-11-18 12:26:10,device19,19d,203.9.2.199
714i,2020-03-13 02:55:19,device2,2d,192.129.118.10
1204i,2020-03-26 13:03:53,device11,11d,192.0.23.6
454i,2020-03-16 02:22:16,device4,4d,203.85.145.63
865i,2020-06-05 18:11:33,device17,17d,203.0.105.133
371i,2020-03-20 00:09:37,device7,7d,192.30.53.230
82i,2020-01-20 10:21:48,device7,7d,192.88.114.93
757i,2020-03-01 02:36:05,device1,1d,192.175.49.55
937i,2019-12-16 03:58:35,device10,10d,198.42.226.17
1012i,2019-12-08 17:53:32,device4,4d,192.31.194.191
1161i,2019-12-03 09:08:41,device6,6d,94.191.82.122
561i,2019-11-16 09:48:54,device10,10d,192.52.192.218
1075i,2020-05-10 18:42:18,device20,20d,192.162.56.193
257i,2019-11-16 07:05:14,device10,10d,203.3.19.223
426i,2020-01-26 10:42:30,device19,19d,198.50.95.245
328i,2019-12-04 12:55:17,device17,17d,198.51.99.247
1001i,2019-12-18 10:49:08,device4,4d,203.7.39.25
1167i,2020-03-04 07:49:54,device12,12d,192.90.93.247
902i,2019-12-08 19:33:00,device12,12d,192.21.26.217
160i,2020-03-10 13:55:13,device12,12d,192.175.201.3
1044i,2019-12-23 02:42:49,device20,20d,169.197.106.23
1036i,2020-01-02 15:10:20,device1,1d,192.88.114.255
787i,2020-05-25 19:44:52,device20,20d,192.117.109.118
1164i,2020-01-03 04:50:47,device13,13d,169.235.252.236
149i,2020-04-28 09:46:31,device3,3d,192.34.53.128
639i,2020-04-11 12:31:54,device11,11d,202.109.44.144
1106i,2020-01-02 19:39:16,device6,6d,198.51.83.0
212i,2020-01-29 22:13:53,device4,4d,198.30.35.129
428i,2019-11-28 18:18:56,device17,17d,198.16.223.217
1082i,2019-12-27 11:38:07,device7,7d,203.0.110.42
33i,2020-01-17 14:51:39,device11,11d,97.180.230.193
697i,2020-03-09 06:20:43,device5,5d,192.11.213.131
298i,2020-03-31 03:47:23,device17,17d,203.247.140.170
136i,2020-06-05 03:50:02,device18,18d,203.250.63.179
721i,2020-03-16 03:45:56,device8,8d,192.88.98.63
458i,2020-03-29 23:13:13,device1,1d,219.120.237.135
561i,2020-05-21 00:04:00,device10,10d,196.179.135.35
971i,2020-01-19 20:27:17,device7,7d,192.174.79.185
261i,2020-02-26 21:26:48,device9,9d,198.51.99.11
1071i,2020-02-04 12:01:22,device1,1d,192.72.119.198
1233i,2020-01-20 11:03:29,device6,6d,197.133.211.133
523i,2019-11-20 23:55:22,device6,6d,198.51.99.215
18i,2019-11-19 23:03:56,device5,5d,192.12.171.77
1166i,2020-03-12 09:20:26,device14,14d,199.34.55.132
201i,2020-03-27 13:21:28,device18,18d,192.31.143.158
391i,2020-05-06 02:29:00,device5,5d,169.248.109.35
896i,2020-03-16 00:49:34,device12,12d,198.40.139.239
1089i,2020-04-24 12:54:10,device7,7d,203.7.255.140
278i,2019-12-15 05:45:08,device10,10d,192.0.9.89
317i,2020-01-25 21:20:50,device11,11d,202.92.13.217
223i,2020-01-07 05:15:24,device6,6d,15.239.59.141
607i,2020-04-28 23:05:43,device6,6d,192.52.132.30
204i,2019-12-08 10:34:33,device17,17d,203.61.181.235
846i,2020-02-20 18:02:20,device13,13d,192.181.49.3
600i,2020-05-18 17:59:47,device6,6d,192.175.58.220
206i,2020-01-31 10:16:46,device18,18d,192.146.221.112
62i,2020-01-06 12:02:07,device20,20d,192.31.173.127
1223i,2020-02-17 19:17:40,device6,6d,203.60.144.175
204i,2020-01-28 09:05:57,device13,13d,192.79.38.156
1127i,2020-05-28 20:47:59,device19,19d,198.90.70.15
5i,2020-01-24 01:18:16,device7,7d,192.89.205.206
422i,2020-02-10 09:54:54,device16,16d,1.14.108.41
395i,2019-12-17 21:48:15,device5,5d,192.88.96.59
1041i,2020-04-01 09:48:20,device18,18d,192.31.195.233
341i,2020-04-20 09:24:05,device19,19d,192.174.183.31
401i,2020-05-02 07:19:53,device16,16d,169.255.199.195
1043i,2019-11-17 23:43:05,device10,10d,192.0.76.131
475i,2020-05-05 20:35:38,device8,8d,198.51.22.223
1130i,2020-05-01 11:15:01,device14,14d,192.175.55.122
47i,2020-01-13 07:58:25,device9,9d,169.193.205.226
428i,2020-05-27 13:44:52,device4,4d,198.51.103.29
351i,2019-11-27 11:40:46,device15,15d,198.17.237.104
660i,2020-04-10 13:38:11,device2,2d,192.31.155.46
350i,2020-01-07 18:15:40,device10,10d,100.188.19.113
837i,2020-03-16 14:57:36,device7,7d,192.127.105.242
444i,2019-12-13 12:49:12,device5,5d,203.64.193.105
693i,2020-03-06 02:15:10,device15,15d,188.161.29.212
56i,2019-12-20 01:34:50,device20,20d,170.11.220.197
1285i,2020-03-11 04:09:06,device10,10d,192.88.98.105
209i,2020-03-06 11:01:22,device6,6d,170.237.255.61
79i,2019-12-09 02:21:50,device4,4d,98.65.214.59
60i,2020-03-25 16:05:26,device16,16d,10.240.216.227
428i,2020-03-14 10:02:10,device6,6d,198.20.44.182
1020i,2020-01-31 09:24:53,device11,11d,192.52.192.135
63i,2020-02-16 23:05:34,device16,16d,192.88.97.137
965i,2019-11-24 01:47:34,device18,18d,198.49.88.135
317i,2020-06-09 09:22:24,device20,20d,156.67.112.10
952i,2019-11-15 13:37:23,device17,17d,192.52.197.176
495i,2020-01-24 06:21:24,device8,8d,192.88.112.255
201i,2019-11-27 18:13:09,device6,6d,203.30.63.238
302i,2020-06-08 16:14:54,device7,7d,192.60.220.145
1005i,2019-11-16 15:31:04,device17,17d,155.170.201.124
776i,2020-04-07 23:01:39,device14,14d,169.253.235.104
1270i,2020-03-02 15:48:53,device20,20d,192.12.249.151
898i,2020-05-28 15:00:41,device2,2d,192.95.78.82
883i,2020-01-14 20:44:04,device8,8d,192.175.110.125
678i,2020-03-03 21:01:09,device16,16d,192.34.100.105
1165i,2019-12-02 22:42:37,device17,17d,192.175.13.165
634i,2020-05-01 05:00:56,device19,19d,192.120.194.193
471i,2020-05-23 19:58:40,device12,12d,114.118.30.75
605i,2020-04-21 15:52:12,device2,2d,198.62.14.213
1i,2020-06-04 04:31:50,device3,3d,203.169.132.35
328i,2020-06-04 04:31:50,device12,12d,166.247.184.2
636i,2020-06-04 04:31:50,device13,13d,166.247.184.2
1095i,2020-06-04 04:31:50,device9,9d,166.247.184.2
237i,2020-06-04 04:31:50,device18,18d,166.247.184.2
666i,2020-06-04 04:31:50,device3,3d,166.247.184.2
85i,2020-06-04 04:31:50,device13,13d,166.247.184.2
249i,2020-06-04 04:31:50,device2,2d,166.247.184.2
149i,2020-01-24 05:45:22,device14,14d,199.113.130.203
955i,2020-02-25 19:20:15,device7,7d,192.212.46.49
537i,2019-11-24 14:36:30,device6,6d,192.1.2.182
618i,2020-03-23 22:30:50,device9,9d,198.51.69.179
812i,2020-01-25 17:30:06,device13,13d,192.47.141.72
1297i,2020-05-27 22:22:11,device7,7d,203.38.40.164
610i,2020-04-23 16:19:02,device11,11d,192.2.113.175
599i,2019-12-02 11:12:47,device2,2d,192.175.0.138
1124i,2019-12-04 11:39:23,device20,20d,192.175.40.32
679i,2020-02-01 00:19:56,device4,4d,192.91.247.141
56i,2019-12-05 16:21:40,device6,6d,101.125.215.90
1229i,2019-12-01 14:21:33,device4,4d,100.194.53.232
47i,2020-02-25 03:53:38,device4,4d,192.52.195.215
514i,2020-04-23 01:27:11,device10,10d,198.50.0.133
655i,2019-12-13 11:45:15,device18,18d,192.174.197.149
751i,2019-11-28 08:06:46,device3,3d,58.63.185.89
1053i,2020-03-31 14:20:29,device20,20d,203.7.18.173
116i,2019-12-28 19:41:07,device11,11d,169.229.90.35
320i,2020-05-26 03:27:18,device17,17d,192.148.253.252
833i,2020-04-14 11:14:24,device17,17d,203.92.27.18
1214i,2020-01-24 04:48:41,device11,11d,192.88.65.61
89i,2020-04-23 21:18:42,device6,6d,203.2.222.180
986i,2020-05-14 04:34:34,device20,20d,192.0.3.201
1000i,2020-03-29 05:26:09,device2,2d,173.225.31.155
543i,2020-05-25 14:12:59,device13,13d,198.50.98.170
377i,2020-02-12 13:38:49,device11,11d,198.50.169.43
1164i,2020-02-07 07:16:32,device1,1d,198.49.197.96
261i,2020-05-12 11:30:51,device19,19d,192.89.150.220
720i,2020-01-21 04:10:31,device15,15d,181.78.188.187
45i,2020-04-16 15:58:18,device7,7d,192.88.96.111
28i,2020-04-12 04:51:23,device7,7d,192.52.245.9
785i,2020-02-13 16:32:32,device6,6d,192.175.230.50
317i,2020-02-13 15:28:16,device16,16d,198.51.121.228
835i,2020-06-08 09:58:41,device2,2d,192.88.101.69
124i,2020-04-19 06:19:31,device3,3d,203.0.74.182
619i,2020-01-27 02:15:47,device8,8d,192.0.214.254
1149i,2020-01-03 18:09:44,device3,3d,198.20.253.19
542i,2020-05-15 01:35:39,device3,3d,192.0.14.149
1129i,2020-01-22 05:25:01,device6,6d,203.0.112.199
891i,2020-01-24 02:07:42,device15,15d,221.176.14.227
611i,2020-06-02 10:20:30,device16,16d,203.0.115.131
776i,2020-03-21 23:37:32,device16,16d,198.51.110.77
700i,2020-03-07 14:52:11,device20,20d,192.52.199.165
266i,2020-01-13 19:21:35,device12,12d,203.1.15.54
62i,2019-12-17 08:35:21,device16,16d,197.112.1.37
801i,2019-11-26 07:55:09,device12,12d,179.95.13.130
71i,2020-03-04 14:06:03,device3,3d,192.186.176.240
804i,2020-01-14 18:30:27,device4,4d,198.13.180.134
1214i,2020-05-17 13:43:48,device8,8d,192.0.16.196
440i,2020-03-13 18:16:11,device8,8d,193.10.182.246
911i,2020-02-29 18:58:38,device19,19d,203.38.106.44
177i,2020-04-09 18:21:50,device13,13d,100.168.216.137
1065i,2020-02-19 16:27:09,device19,19d,199.244.110.21
204i,2020-05-18 14:11:13,device8,8d,192.30.13.14
833i,2020-02-26 12:40:38,device7,7d,192.88.96.140
662i,2020-05-18 13:12:14,device13,13d,206.240.248.172
1157i,2020-02-12 20:43:39,device2,2d,124.11.77.248
74i,2020-02-17 06:38:17,device14,14d,198.23.94.46
824i,2020-05-31 16:27:05,device17,17d,203.0.115.103
266i,2020-05-30 07:31:45,device17,17d,192.175.8.135
132i,2020-01-31 17:59:17,device17,17d,1.207.115.132
1086i,2020-01-16 09:40:16,device17,17d,192.52.249.17
1269i,2020-03-24 17:28:54,device8,8d,171.15.244.90
147i,2020-02-04 02:59:58,device6,6d,192.0.5.94
534i,2020-03-02 10:34:06,device7,7d,198.39.155.199
297i,2020-03-12 11:40:38,device4,4d,94.28.64.179
869i,2019-12-08 20:12:07,device14,14d,192.31.223.67
1210i,2020-03-10 23:25:22,device10,10d,192.31.216.193
978i,2020-01-24 06:55:20,device14,14d,101.184.53.155
195i,2020-05-15 16:10:03,device17,17d,124.30.138.191
415i,2020-05-20 02:37:06,device2,2d,192.175.58.104
1080i,2020-01-25 03:07:59,device12,12d,198.17.140.14
782i,2020-04-26 21:50:59,device20,20d,203.0.99.167
325i,2020-04-28 20:14:14,device16,16d,96.252.124.82
1055i,2020-03-21 03:07:15,device4,4d,192.90.174.15
405i,2019-11-25 15:05:02,device1,1d,198.51.97.30
410i,2020-05-21 07:27:05,device15,15d,192.5.88.64
365i,2020-03-31 10:28:52,device8,8d,125.86.253.149
172i,2020-05-22 08:04:06,device3,3d,192.52.195.34
29i,2020-05-27 23:04:19,device19,19d,198.41.124.250
337i,2020-02-19 19:11:57,device20,20d,192.0.5.138
1133i,2019-12-25 18:20:28,device8,8d,203.0.90.183
273i,2020-03-14 13:30:42,device17,17d,192.31.230.155
806i,2019-11-18 13:53:21,device15,15d,192.88.96.198
159i,2019-12-08 19:02:26,device7,7d,168.240.154.253
254i,2020-04-15 07:52:32,device14,14d,198.20.211.38
524i,2019-11-19 13:35:46,device11,11d,198.48.150.216
765i,2020-05-17 07:45:21,device3,3d,192.58.190.79
144i,2020-02-11 18:53:36,device12,12d,206.108.132.89
672i,2020-03-30 11:46:17,device20,20d,203.0.16.114
184i,2020-01-15 18:04:26,device14,14d,192.90.189.137
299i,2019-11-28 12:56:12,device18,18d,100.169.124.5
1194i,2020-02-14 02:11:33,device11,11d,86.119.70.158
121i,2020-01-09 21:55:35,device4,4d,192.0.24.163
132i,2020-04-25 23:26:32,device7,7d,192.52.144.150
893i,2020-02-08 12:25:16,device20,20d,192.13.241.27
744i,2019-12-20 09:42:35,device12,12d,192.31.164.11
1059i,2020-05-20 07:36:12,device18,18d,192.54.228.125
1129i,2020-02-02 21:24:31,device15,15d,192.88.124.140
554i,2020-02-28 16:05:26,device7,7d,169.253.52.210
203i,2020-01-26 08:13:20,device15,15d,192.31.207.231
853i,2020-01-10 05:51:50,device16,16d,203.0.77.230
1039i,2020-01-20 22:08:27,device8,8d,192.28.71.201
359i,2020-01-03 21:14:13,device13,13d,3.253.27.111
627i,2020-04-12 03:33:07,device11,11d,192.175.57.65
669i,2020-02-26 05:15:57,device11,11d,192.88.103.62
1264i,2020-05-01 06:23:02,device14,14d,192.52.202.118
1263i,2019-12-22 08:58:24,device7,7d,194.15.134.32
490i,2020-04-27 21:56:06,device9,9d,192.52.102.150
460i,2020-05-12 07:17:22,device11,11d,100.157.148.93
1109i,2020-01-16 10:49:30,device3,3d,192.31.192.190
1265i,2020-02-24 16:14:22,device15,15d,15.26.107.131
758i,2020-06-05 06:56:47,device8,8d,192.31.215.47
796i,2020-05-30 09:31:58,device10,10d,192.172.47.158
1236i,2020-05-04 08:31:24,device18,18d,192.175.85.36
644i,2020-01-05 18:23:14,device2,2d,203.4.56.62
570i,2020-03-09 02:50:40,device8,8d,203.11.149.250
170i,2020-03-24 05:42:44,device19,19d,169.255.33.31
1178i,2020-01-17 13:40:37,device1,1d,203.26.238.193
605i,2019-11-28 05:58:08,device12,12d,208.86.170.18
768i,2020-05-19 08:15:23,device14,14d,203.1.246.132
907i,2020-05-24 20:46:53,device7,7d,192.30.33.73
915i,2020-01-12 06:03:56,device16,16d,153.65.156.16
1247i,2019-12-17 16:02:26,device15,15d,192.175.50.200
549i,2019-12-26 20:44:48,device16,16d,203.30.255.129
98i,2020-06-08 05:17:25,device15,15d,192.52.202.186
572i,2020-05-17 02:11:50,device15,15d,192.175.36.95
454i,2020-01-01 09:49:09,device1,1d,203.0.119.140
380i,2019-12-01 03:15:50,device11,11d,192.31.204.149
936i,2020-03-08 00:25:44,device12,12d,198.51.21.74
57i,2020-02-22 23:32:42,device15,15d,192.0.3.196
1085i,2020-04-19 16:37:16,device8,8d,192.20.38.170
779i,2020-03-15 23:37:34,device8,8d,115.80.235.180
364i,2019-11-29 17:35:17,device19,19d,192.93.60.90
1105i,2020-02-05 04:21:09,device17,17d,203.0.112.100
191i,2020-02-26 02:23:51,device17,17d,100.6.167.175
373i,2019-11-23 21:02:28,device5,5d,192.52.194.183
849i,2020-02-23 08:30:21,device19,19d,200.53.34.10
448i,2019-11-21 04:04:34,device18,18d,203.30.155.162
656i,2020-06-05 19:22:15,device16,16d,192.52.194.171
684i,2020-05-30 07:10:01,device20,20d,116.235.83.236
997i,2020-03-31 15:31:12,device6,6d,192.53.169.203
1111i,2019-12-23 14:06:54,device7,7d,198.51.159.11
166i,2020-03-22 20:26:04,device1,1d,198.49.76.148
898i,2020-02-28 17:15:19,device2,2d,172.107.163.247
1173i,2020-01-14 04:48:27,device11,11d,198.51.52.167
356i,2020-03-14 12:56:08,device4,4d,192.49.14.139
284i,2019-12-10 17:56:47,device6,6d,192.7.248.79
448i,2019-12-19 00:36:18,device3,3d,8.111.97.129
624i,2020-02-27 02:48:05,device18,18d,192.0.3.173
232i,2020-06-08 00:50:37,device15,15d,8.131.187.153
379i,2020-03-25 21:39:46,device1,1d,192.175.53.110
466i,2020-05-13 09:12:46,device10,10d,192.52.196.249
937i,2020-06-04 09:28:07,device10,10d,203.0.123.64
62i,2020-04-30 21:02:19,device1,1d,192.52.58.132
457i,2020-01-22 20:57:20,device14,14d,203.79.47.114
1277i,2020-02-11 11:53:12,device20,20d,192.31.106.69